:020000040800F2
:1000000000500020BD1F0008C9160008D1160008C6
:10001000D9160008E1160008E916000800000000E3
:10002000000000000000000000000000F1160008C1
:10003000FD16000800000000091700081517000849
:1000400005200008052000080520000805200008FC
:1000500005200008052000080520000805200008EC
:1000600005200008052000080520000805200008DC
:1000700005200008052000080520000805200008CC
:1000800021170008052000080520000805200008A9
:100090003517000805200008052000080520000885
:1000A0000520000849170008052000080520000861
:1000B0000520000805200008052000085D1700083D
:1000C0007117000805200008052000080520000819
:1000D000052000080520000805200008052000086C
:1000E0008517000805200008052000080000000012
:1000F0000000000000000000000000000000000000
:0C01000000000000000000005FF808F1A3
:10010C0010B5054C237833B9044B13B10448AFF345
:10011C0000800123237010BDD001002000000000DE
:10012C0028DC000808B5034B1BB103490348AFF3A7
:10013C00008008BD00000000D401002028DC00086D
:10014C00034613F8012B002AFBD1181A013870470B
:10015C0080F0004002E000BF81F0004142001FBF70
:10016C005FEA410392EA030F7FEA226C7FEA236C79
:10017C006AD04FEA1262D2EB1363C1BFD21841406E
:10018C0048404140B8BF5B42192B88BF704710F004
:10019C00004F40F4000020F07F4018BF404211F0A7
:1001AC00004F41F4000121F07F4118BF494292EA0F
:1001BC00030F3FD0A2F1010241FA03FC10EB0C003B
:1001CC00C3F1200301FA03F100F0004302D54942C8
:1001DC0060EB4000B0F5000F13D3B0F1807F06D375
:1001EC0040084FEA310102F10102FE2A51D2B1F16D
:1001FC00004F40EBC25008BF20F0010040EA030062
:10020C007047490040EB0000013A28BFB0F5000FE1
:10021C00EDD2B0FA80FCACF1080CB2EB0C0200FA97
:10022C000CF0AABF00EBC25052421843BCBFD040E6
:10023C001843704792F0000F81F4000106BF80F460
:10024C0000000132013BB5E74FEA41037FEA226C23
:10025C0018BF7FEA236C21D092EA030F04D092F0EE
:10026C00000F08BF0846704790EA010F1CBF002022
:10027C00704712F07F4F04D1400028BF40F000407F
:10028C00704712F100723CBF00F50000704700F09F
:10029C00004343F0FE4040F4000070477FEA2262C6
:1002AC0016BF08467FEA23630146420206BF5FEA97
:1002BC00412390EA010F40F4800070474FF0000397
:1002CC0004E000BF10F0004348BF40425FEA000C5E
:1002DC0008BF704743F0964301464FF000001CE006
:1002EC0050EA010208BF70474FF000030AE000BF5C
:1002FC0050EA010208BF704711F0004302D540429A
:10030C0061EB41015FEA010C02BF8446014600200B
:10031C0043F0B64308BFA3F18053A3F50003BCFA26
:10032C008CF2083AA3EBC25310DB01FA02FC6344D3
:10033C0000FA02FCC2F12002BCF1004F20FA02F2DA
:10034C0043EB020008BF20F00100704702F12002CD
:10035C0001FA02FCC2F1200250EA4C0021FA02F22E
:10036C0043EB020008BF20EADC7070474FF0FF0C33
:10037C001CEAD0521EBF1CEAD15392EA0C0F93EA2E
:10038C000C0F6FD01A4480EA010C400218BF5FEAD0
:10039C0041211ED04FF0006343EA501043EA511143
:1003AC00A0FB01310CF00040B1F5000F3EBF49003D
:1003BC0041EAD3715B0040EA010062F17F02FD2A41
:1003CC001DD8B3F1004F40EBC25008BF20F0010024
:1003DC00704790F0000F0CF0004C08BF49024CEA3B
:1003EC00502040EA51207F3AC2BFD2F1FF0340EACD
:1003FC00C250704740F400004FF00003013A5DDC3E
:10040C0012F1190FDCBF00F000407047C2F100027E
:10041C00410021FA02F1C2F1200200FA02FC5FEA6B
:10042C00310040F1000053EA4C0308BF20EADC70B5
:10043C00704792F0000F00F0004C02BF400010F427
:10044C00000F013AF9D040EA0C0093F0000F01F0D4
:10045C00004C02BF490011F4000F013BF9D041EAF6
:10046C000C018FE70CEAD15392EA0C0F18BF93EAF8
:10047C000C0F0AD030F0004C18BF31F0004CD8D122
:10048C0080EA010000F00040704790F0000F17BFA9
:10049C0090F0004F084691F0000F91F0004F14D0EF
:1004AC0092EA0C0F01D142020FD193EA0C0F03D147
:1004BC004B0218BF084608D180EA010000F000404A
:1004CC0040F0FE4040F40000704740F0FE4040F425
:1004DC00400070474FF0FF0C1CEAD0521EBF1CEAC4
:1004EC00D15392EA0C0F93EA0C0F69D0A2EB0302E2
:1004FC0080EA010C49024FEA402037D04FF080537C
:10050C0043EA111143EA10130CF000408B4238BF40
:10051C005B0042F17D024FF4000C8B4224BF5B1A4E
:10052C0040EA0C00B3EB510F24BFA3EB510340EA9C
:10053C005C00B3EB910F24BFA3EB910340EA9C004A
:10054C00B3EBD10F24BFA3EBD10340EADC001B01BA
:10055C0018BF5FEA1C1CE0D1FD2A3FF650AF8B425E
:10056C0040EBC25008BF20F0010070470CF0004C6B
:10057C004CEA50207F32C2BFD2F1FF0340EAC25096
:10058C00704740F400004FF00003013A37E792F057
:10059C00000F00F0004C02BF400010F4000F013AB5
:1005AC00F9D040EA0C0093F0000F01F0004C02BFB0
:1005BC00490011F4000F013BF9D041EA0C0195E719
:1005CC000CEAD15392EA0C0F08D142027FF47DAFB2
:1005DC0093EA0C0F7FF470AF084676E793EA0C0FA2
:1005EC0004D14B023FF44CAF08466EE730F0004CA0
:1005FC0018BF31F0004CCAD130F000427FF45CAF30
:10060C0031F000437FF43CAF5FE700BF4FF0FF3C9D
:10061C0006E000BF4FF0010C02E000BF4FF0010CF0
:10062C004DF804CD4FEA40024FEA41037FEA226CB9
:10063C0018BF7FEA236C11D001B052EA530C18BFDB
:10064C0090EA010F58BFB2EB030088BFC81738BF40
:10065C006FEAE17018BF40F0010070477FEA226C2E
:10066C0002D15FEA402C05D17FEA236CE4D15FEA2A
:10067C00412CE1D05DF8040B704700BF844608465E
:10068C006146FFE70FB5FFF7C9FF002848BF10F11F
:10069C00000F0FBD4DF808EDFFF7F4FF0CBF012064
:1006AC0000205DF808FB00BF4DF808EDFFF7EAFFEE
:1006BC0034BF012000205DF808FB00BF4DF808EDA9
:1006CC00FFF7E0FF94BF012000205DF808FB00BF9E
:1006DC004DF808EDFFF7D2FF94BF012000205DF824
:1006EC0008FB00BF4DF808EDFFF7C8FF34BF012031
:1006FC0000205DF808FB00BF4FEA4002B2F1FE4F4C
:10070C000FD34FF09E03B3EB12620DD94FEA0023C7
:10071C0043F0004310F0004F23FA02F018BF4042A0
:10072C0070474FF00000704712F1610F01D1420287
:10073C0005D110F0004008BF6FF0004070474FF03B
:10074C000000704742000ED2B2F1FE4F0BD34FF0B7
:10075C009E03B3EB126209D44FEA002343F000432B
:10076C0023FA02F070474FF00000704712F1610F4E
:10077C0001D1420202D14FF0FF3070474FF0000020
:10078C00704700BF80B582B000AF0C4B5B690B4A61
:10079C0043F001035361094B5B6903F001037B6078
:1007AC007B6800220021102001F085FD102001F053
:1007BC009EFD00BF0837BD4680BD00BF0010024043
:1007CC0080B588B000AF07F1100300221A605A60A0
:1007DC009A60DA60494B9B69484A43F01003936175
:1007EC00464B9B6903F01003FB60FB68434B9B6912
:1007FC00424A43F020039361404B9B6903F0200372
:10080C00BB60BB683D4B9B693C4A43F0080393615A
:10081C003A4B9B6903F008037B607B68374B9B6901
:10082C00364A43F004039361344B9B6903F0040391
:10083C003B603B6800224FF40051314802F07FF9D5
:10084C0000224FF484512F4802F079F900224FF422
:10085C0000412D4802F073F94FF400533B61012322
:10086C007B610023BB610223FB6107F11003194676
:10087C00234801F0C9FF4FF484533B6101237B6192
:10088C000023BB610223FB6107F1100319461D48CD
:10089C0001F0BAFF4FF400533B611C4B7B6100230A
:1008AC00BB6107F110031946164801F0ADFF4FF478
:1008BC0000433B6101237B610023BB610223FB618D
:1008CC0007F110031946104801F09EFF40233B61CD
:1008DC0000237B610123BB6107F110031946094812
:1008EC0001F092FF00220021282001F0E4FC2820D6
:1008FC0001F0FDFC00BF2037BD4680BD001002405A
:10090C0000100140000C01400008014000003110B3
:10091C0080B500AF124B134A1A60114B124A5A6041
:10092C000F4B00229A600E4B0022DA600C4B4FF4F6
:10093C0080421A610A4B00225A61094B00229A61CB
:10094C00074B0022DA61064B00221A62044802F0BF
:10095C003FF90346002B01D000F0E6FA00BF80BD42
:10096C00EC01002000540040A086010080B58AB044
:10097C0000AF786007F1140300221A605A609A6085
:10098C00DA607B681B68384A934268D1374B9B69A5
:10099C00364A43F008039361344B9B6903F0080318
:1009AC003B613B694FF440737B611223BB610323B2
:1009BC003B6207F1140319462D4801F025FF2D4B1E
:1009CC005B687B627B6A43F0E0637B627B6A43F02B
:1009DC0002037B62274A7B6A5360244BDB69234A00
:1009EC0043F40013D361214BDB6903F40013FB6068
:1009FC00FB68214B214A1A601F4B10225A601E4B78
:100A0C0000229A601C4B8022DA601B4B00221A6178
:100A1C00194B00225A61184B00229A61164B002286
:100A2C00DA61154801F07EFC0346002B01D000F082
:100A3C007BFA7B68104A5A630F4A7B685362002228
:100A4C0000211F2001F037FC1F2001F050FC002278
:100A5C000021202001F02FFC202001F048FC00BFD9
:100A6C002837BD4680BD00BF005400400010024036
:100A7C00000C014000000140400200206C000240CC
:100A8C0080B582B000AF01F0B9FA00F05DF8FFF765
:100A9C0097FEFFF777FE00F0B3FE01F013FA0BF0B0
:100AAC007BFFFFF735FF00F04BFF00F0A1FF1D4B64
:100ABC009B691C4A43F0010393611A4B9B6903F039
:100ACC0001033B603B68184B5B687B607B6823F0E1
:100ADC00E0637B607B6843F000737B60124A7B6849
:100AEC005360124806F0E0FE0021104806F07EFF2D
:100AFC000F49104800F01EFA0F4800F0B9FA00F048
:100B0C006BF90E4B1B78002BFBD00D4B1B78194649
:100B1C000C480CF005F80346002BF2D1074B0022D1
:100B2C001A70EEE700100240000001404C08002053
:100B3C0094080020DC080020EC010020B103002008
:100B4C00B0030020B002002080B594B000AF07F1D4
:100B5C0028032822002118460CF0D0FB07F11403BF
:100B6C0000221A605A609A60DA601A613B1D0022FA
:100B7C001A605A609A60DA600123BB624FF48033CA
:100B8C00FB6200233B630123BB6302237B644FF4B2
:100B9C008033BB644FF4E013FB6407F12803184661
:100BAC0006F06CF90346002B01D000F0BDF90F23C1
:100BBC007B610223BB610023FB614FF480633B62CA
:100BCC0000237B6207F114030221184606F0D8FBC0
:100BDC000346002B01D000F0A7F910237B60002303
:100BEC003B613B1D184606F059FD0346002B01D016
:100BFC0000F09AF900BF5037BD4680BD80B500AFFC
:100C0C002C4B1B78032B45D801A252F823F000BFC4
:100C1C002D0C0008430C00086D0C0008830C000818
:100C2C004021254801F074FF0346002B36D1214B9F
:100C3C0001221A7032E040211F4801F069FF03467F
:100C4C00002B09D11B4B02221A701C4B1B78013351
:100C5C00DAB21A4B1A7024E0164B00221A7020E0FC
:100C6C004021154801F054FF0346002B18D0114BBE
:100C7C0003221A7014E040210F4801F049FF03468B
:100C8C00002B03D00B4B00221A700AE0094B0222F6
:100C9C001A7006E0074B00221A7002E000BF00E059
:100CAC0000BF064B1B78022B02D1044B00221A709A
:100CBC0000BF80BD85020020000C01408402002092
:100CCC0080B500AF104B1B780133DAB20E4B1A70A3
:100CDC000D4B1B78082B14D90C4B1B681A460C496E
:100CEC000C480CF0EBFA0B48FFF72AFA03469AB2C1
:100CFC004FF0FF330749084807F079FD024B0022FB
:100D0C001A7000BF80BD00BFAC02002000000020A4
:100D1C0040DC00088C0200203809002080B582B02D
:100D2C0000AF78607B681B68154A934223D1FFF7AC
:100D3C0065FF144B1B780133DAB2124B1A70114B4E
:100D4C001B78042B17D94FF400510F4801F00FFFFB
:100D5C000E4B1B78002B06D080210D4801F007FFAD
:100D6C00FFF7AEFF04E000228021094801F0E7FE06
:100D7C00044B00221A7000BF0837BD4680BD00BF6F
:100D8C00002C0140B203002000100140840200201E
:100D9C00000C014080B582B000AF7860786800F03C
:100DAC00D1F900BF0837BD4680BD000080B582B0C8
:100DBC0000AF0346FB80FB88B3F5005F06D1054B03
:100DCC001B680133034A136000F0FAFF00BF0837B9
:100DDC00BD4680BD8802002080B584B002AF00F013
:100DEC00A3FF00F0D7F901232E4A00210A2000F0BE
:100DFC00A3FA00F08DF94FF47A7001F061F900F06C
:100E0C00B5FF3C2001F05CF901F052F8386000F0BD
:100E1C00C1F90123244A00210A2000F08DFA012394
:100E2C0080220A21002000F0BBFB4FF00001386843
:100E3C00FFF758FC0346002B26D001231B4A1E212A
:100E4C00002000F079FA0123009301233A681E2157
:100E5C00412000F00BFB0123154A1E21692000F0F4
:100E6C006BFA3868FFF76EFC0346FB71FB79802B3D
:100E7C0001D98023FB71FA79012300930A233221D3
:100E8C00002000F0B4FB05E001230A4A1E210020DB
:100E9C0000F052FA00F03CF94FF4DC7001F010F95C
:100EAC00ADE700BF5CDC00086CDC000880DC0008EF
:100EBC008CDC000890DC000880B485B000AF786052
:100ECC003960164B55221A70144B53225A70134B1F
:100EDC0042229A70114B2022DA700023FB600AE048
:100EEC007A68FB681A44FB68043311780B4AD154B6
:100EFC00FB680133FB60FA683B689A42F0D33B68AD
:100F0C00DBB20433DAB2064B1A70064B01221A70AC
:100F1C0000BF1437BD4680BC704700BFB002002034
:100F2C00B0030020B103002080B400AF72B600BF44
:100F3C0000BFFDE780B582B000AF78603960234A0E
:100F4C007B681360224A3B681360204B1B681B684C
:100F5C0000225A631D4B1B681B6800229A631C4BB2
:100F6C001B681B6800229A6300224FF40041194849
:100F7C0001F0E5FD154B1B680021184606F036FD07
:100F8C00124B1B680421184606F030FD104B1B68F1
:100F9C000421184606F02AFD0C4B1B681B68002226
:100FAC005A630A4B1B681B6800229A63084B1B6828
:100FBC001B6800229A63084B00221A80064B002201
:100FCC005A8000BF0837BD4680BD00BFB403002067
:100FDC00B803002000080140BC03002080B586B097
:100FEC0004AF0346FB71084B18680A2302930123D4
:100FFC000193FB1D009301230022782101F040FF97
:10100C0000BF0837BD4680BDC003002080B584B04A
:10101C0002AF0346FB71FB79503BDBB21846FFF77E
:10102C00DDFF0020FFF7DAFF1020FFF7D7FFFB7979
:10103C00DB010C4A13440C4A1046194680231A460D
:10104C000CF090F9094B186880230193064B009320
:10105C0001234022782102F00DF800BF0837BD466D
:10106C0080BD00BFC4030020C8070020C0030020BF
:10107C0080B588B004AF7860214A7B681360642027
:10108C0001F01EF80023FB7308E0FB7B1D4AD35CC8
:10109C001846FFF7A3FFFB7B0133FB73FB7B172B7E
:1010AC00F3D900F077F80023BB731EE0BB7B503BF9
:1010BC00DBB21846FFF792FF0020FFF78FFF1020DE
:1010CC00FFF78CFF0E4B1868BB7BDB010E4A1344F9
:1010DC006422029280220192009301234022782103
:1010EC0001F0CEFEBB7B0133BB73BB7B072BDDD981
:1010FC00064B00221A70002318461037BD4680BDDF
:10110C00C0030020C0DE0008C4030020C407002078
:10111C0080B500AF094B1B78012B02D14FF0FF3388
:10112C0009E0064B01221A70054B00221A700020B0
:10113C00FFF76CFF0023184680BD00BFC4070020DA
:10114C00C507002080B582B000AF78600E4B1B68DD
:10115C007A689A4213D10D4B1B780133DAB20B4BE0
:10116C001A700A4B1B78072B05D8084B1B781846AE
:10117C00FFF74CFF04E0064B00221A7000E000BFA2
:10118C000837BD4680BD00BFC0030020C507002046
:10119C00C407002080B500AF4FF4806200210248E4
:1011AC000CF0ACF800BF80BDC403002080B485B047
:1011BC0000AF0346FB710B46BB7113467B7197F96D
:1011CC000730002B34DBBB793F2B31D8BB79DB08E4
:1011DC00DBB2DB019AB2FB799BB21344FB817B79C6
:1011EC00002B11D0FB89154AD35C5AB2BB7903F0A2
:1011FC000703012101FA03F35BB213435AB2FB89D3
:10120C00D1B20E4AD15414E0FB890C4AD35C5AB2C9
:10121C00BB7903F00703012101FA03F35BB2DB4353
:10122C005BB213405AB2FB89D1B2044AD15400E0EC
:10123C0000BF1437BD4680BC704700BFC4030020FC
:10124C0090B585B000AF0446084611461A462346B1
:10125C00FB710346BB710B467B7113463B717B796B
:10126C001F2B02D97B797E2B01D93F237B717B7994
:10127C00203B3B730023FB733BE03A7BF97B2D480F
:10128C0013469B00134403440B441B78FB7200234E
:10129C00BB7328E0FA7ABB7B42FA03F303F0010339
:1012AC00002B0CD0FA79FB7B1344D8B2BA79BB7BF8
:1012BC001344DBB23A791946FFF778FF10E0FA795C
:1012CC00FB7B1344D8B2BA79BB7B1344D9B23B79BC
:1012DC00002B0CBF01230023DBB21A46FFF766FF7D
:1012EC00BB7B0133BB73BB7B072BD3D9FB7B01339C
:1012FC00FB73FB7B042BC0D900237B7312E0FB79BF
:10130C000533D8B2BA797B7B1344D9B23B79002B25
:10131C000CBF01230023DBB21A46FFF747FF7B7B90
:10132C0001337B737B7B072BE9D900BF00BF1437DC
:10133C00BD4690BDE4DC000880B582B000AF3A60D9
:10134C001A460346FB710B46BB7113467B710FE0CB
:10135C00FB797A2B11D83B681A787B79B979F879B3
:10136C00FFF76EFFFB790633FB713B6801333B6083
:10137C003B681B78002BEBD100E000BF00BF0837A7
:10138C00BD4680BD80B58CB000AF3A601A460346AE
:10139C00FB710B46BB7113467B710023FB623B68F0
:1013AC00002B0ADAFB6A5A1CFA6230333B442D22BA
:1013BC0003F8182C3B685B423B600023BB623B6824
:1013CC00002B26D1BB6A5A1CBA6230333B44302204
:1013DC0003F8242C20E03A68234B83FB021399106A
:1013EC00D317C91A0B469B000B445B00D11ACAB227
:1013FC00BB6A591CB9623032D2B230333B4403F869
:10140C00242C3B68184A82FB03129210DB17D31A68
:10141C003B603B68002BDEDCBB6A013B7B620EE071
:10142C00FB6A5A1CFA6207F10C017A6A0A441278B8
:10143C0030333B4403F8182C7B6A013B7B627B6A9C
:10144C00002BEDDA07F11802FB6A134400221A7024
:10145C007B7907F11802B979F879FFF76DFF00BFB6
:10146C003037BD4680BD00BF6766666680B588B004
:10147C0000AF3A601A460346FB710B46BB7113462C
:10148C007B714FF000013868FFF70EF90346002B13
:10149C000DD097F82830B979F8792D22FFF7D0FEC6
:1014AC00FB790633FB713B6883F000433B60386883
:1014BC00FFF722F90346FB6097F82830B979F879E1
:1014CC00FA68FFF75FFFFB68FB61FB68002B0CBF42
:1014DC0001230023DBB2FB760AE0FB7E0133FB76B3
:1014EC00FB692D4A82FB03129210DB17D31AFB61A6
:1014FC00FB69002BF1DCFB7E1A46520013445B00A7
:10150C00DAB2FB791344FB717B79002B3FD097F84F
:10151C002830B979F8792E22FFF792FEFB79063341
:10152C00FB71F868FEF7CEFE034619463868FEF7E5
:10153C0013FE03467B610023FB7424E01749786992
:10154C00FEF714FF03467B617869FFF7FBF803464F
:10155C00FB72FB7A3033DAB297F82830B979F87924
:10156C00FFF76EFEFB790633FB71FB7A1846FEF72C
:10157C00A9FE034619467869FEF7EEFD03467B612A
:10158C00FB7C0133FB74FA7C7B799A42D6D300BF87
:10159C002037BD4680BD00BF6766666600002041EF
:1015AC0090B585B000AF0446084611461A4623464E
:1015BC00FB710346BB710B467B7113463B710023D9
:1015CC00FB730BE0FA79FB7B1344DBB23A79B97904
:1015DC001846FFF7EBFDFB7B0133FB73FA7B7B7942
:1015EC009A42EFD300BF00BF1437BD4690BD90B5F3
:1015FC0085B000AF0446084611461A462346FB71D7
:10160C000346BB710B467B7113463B710023FB7386
:10161C0019E00023BB730FE0FA79BB7B1344D8B2FB
:10162C00BA79FB7B1344DBB297F820201946FFF7FD
:10163C00BDFDBB7B0133BB73BA7B7B799A42EBD389
:10164C00FB7B0133FB73FA7B3B799A42E1D300BFFE
:10165C0000BF1437BD4690BD80B485B000AF154BAC
:10166C009B69144A43F001039361124B9B6903F08D
:10167C000103BB60BB680F4BDB690E4A43F0805320
:10168C00D3610C4BDB6903F080537B607B680A4BA6
:10169C005B68FB60FB6823F0E063FB60FB6843F076
:1016AC008063FB60044AFB68536000BF1437BD467F
:1016BC0080BC7047001002400000014080B400AFB5
:1016CC0000BFFDE780B400AF00BFFDE780B400AF02
:1016DC0000BFFDE780B400AF00BFFDE780B400AFF2
:1016EC0000BFFDE780B400AF00BFBD4680BC7047B3
:1016FC0080B400AF00BFBD4680BC704780B400AF63
:10170C0000BFBD4680BC704780B500AF00F0BCFC8C
:10171C0000BF80BD80B500AF024800F035FF00BFB0
:10172C0080BD00BF4002002080B500AF024803F02E
:10173C0061FF00BF80BD00BF4C16002080B500AF1C
:10174C00024806F0F5F900BF80BD00BF4C08002030
:10175C0080B500AF024801F0E3FD00BF80BD00BFC3
:10176C00EC01002080B500AF024801F02CFF00BF57
:10177C0080BD00BFEC01002080B500AF4FF40050DD
:10178C0001F00EFA00BF80BD80B586B000AF786066
:10179C00144A154BD31A7B617B693B61134B1B6855
:1017AC00002B02D1114B124A1A60104B1A687B683D
:1017BC0013443A699A4207D20BF0A8FD03460C2257
:1017CC001A604FF0FF3309E0084B1B68FB60074BB6
:1017DC001A687B681344054A1360FB68184618376F
:1017EC00BD4680BD005000200004000048080020C9
:1017FC00901C002080B400AF00BFBD4680BC704779
:10180C0080B596B000AF07F1480300221A605A6009
:10181C009A60DA6007F1400300221A605A6007F1FF
:10182C00240300221A605A609A60DA601A615A61C5
:10183C009A613B1D2022002118460BF05FFD3E4BA8
:10184C003E4A1A603C4B47225A603B4B00229A603E
:10185C00394B44F61F62DA60374B00221A61364B63
:10186C0000225A61344B00229A61334805F0CCFFB8
:10187C000346002B01D0FFF757FB4FF48053BB649A
:10188C0007F1480319462C4806F004FB0346002BCD
:10189C0001D0FFF749FB284806F058F80346002B07
:1018AC0001D0FFF741FB00233B6400237B6407F16D
:1018BC0040031946204806F089FE0346002B01D050
:1018CC00FFF732FB60237B620023BB620023FB62C9
:1018DC0000233B6300237B630023BB630023FB6378
:1018EC0007F1240300221946134806F011FA0346A7
:1018FC00002B01D0FFF718FB00237B600023BB609B
:10190C000023FB6000233B6100237B614FF40053F9
:10191C00BB6100233B623B1D1946074806F0B4FE31
:10192C000346002B01D0FFF7FFFA034800F01AF929
:10193C0000BF5837BD4680BD4C080020002C01402C
:10194C0080B58AB000AF07F1200300221A605A60FC
:10195C003B1D00221A605A609A60DA601A615A6163
:10196C009A61224B4FF080421A60204B47225A60FA
:10197C001E4B00229A601D4B42F20F72DA601B4B19
:10198C0000221A61194B00229A61184805F0DEFFFB
:10199C000346002B01D0FFF7C7FA00233B6200235C
:1019AC007B6207F120031946104806F00FFE034630
:1019BC00002B01D0FFF7B8FA60237B600023BB60DB
:1019CC000023FB6000237B613B1D04221946074862
:1019DC0006F09EF90346002B01D0FFF7A5FA034849
:1019EC0000F0C0F800BF2837BD4680BD9408002029
:1019FC0080B58AB000AF07F1200300221A605A604C
:101A0C003B1D00221A605A609A60DA601A615A61B2
:101A1C009A61274B274A1A60254B47225A60244B60
:101A2C0000229A60224B42F20F72DA60204B0022A5
:101A3C001A611F4B00229A611D4805F087FF03466F
:101A4C00002B01D0FFF770FA00233B6200237B626E
:101A5C0007F120031946164806F0B8FD0346002B83
:101A6C0001D0FFF761FA60237B600023BB60002389
:101A7C00FB6000237B613B1D002219460C4806F0DD
:101A8C0047F90346002B01D0FFF74EFA3B1D042209
:101A9C001946074806F03CF90346002B01D0FFF726
:101AAC0043FA034800F05EF800BF2837BD4680BDFE
:101ABC00DC0800200004004080B584B000AF7860E2
:101ACC007B681B680D4A934213D10D4B9B690C4AE2
:101ADC0043F4006393610A4B9B6903F40063FB605E
:101AEC00FB6800220021192000F0E5FB192000F012
:101AFC00FEFB00BF1037BD4680BD00BF002C01406F
:101B0C000010024080B485B000AF78607B681B6821
:101B1C00B3F1804F0CD1114BDB69104A43F0010338
:101B2C00D3610E4BDB6903F00103FB60FB6810E033
:101B3C007B681B680A4A93420BD1084BDB69074A46
:101B4C0043F00203D361054BDB6903F00203BB6076
:101B5C00BB6800BF1437BD4680BC70470010024004
:101B6C000004004080B58CB000AF786007F118031A
:101B7C0000221A605A609A60DA607B681B68404ADF
:101B8C00934219D13F4B9B693E4A43F00403936146
:101B9C003C4B9B6903F004037B617B694FF48073BE
:101BAC00BB610223FB6102237B6207F11803194618
:101BBC00354800F029FE5EE07B681B68B3F1804F6E
:101BCC002AD1304B9B692F4A43F0080393612D4B6C
:101BDC009B6903F008033B613B690823BB6102234B
:101BEC00FB6102237B6207F118031946274800F0BA
:101BFC000BFE274B5B68BB62BB6A23F44073BB6272
:101C0C00BB6A43F0E063BB62BB6A43F48073BB62A4
:101C1C001F4ABB6A53602EE07B681B681D4A9342C7
:101C2C0029D1184B9B69174A43F008039361154B54
:101C3C009B6903F00803FB60FB683023BB61022344
:101C4C00FB6102237B6207F1180319460F4800F071
:101C5C00DBFD0F4B5B68FB62FB6A23F44063FB62AA
:101C6C00FB6A43F0E063FB62FB6A43F40063FB62D4
:101C7C00074AFB6A536000BF3037BD4680BD00BFCA
:101C8C00002C01400010024000080140000C0140F3
:101C9C00000001400004004080B400AF094BDB6839
:101CAC00084A43F08073D360074B00225A60064BFE
:101CBC001B68054A43F00103136000BFBD4680BC9E
:101CCC00704700BFF0ED00E0001000E080B400AF02
:101CDC00024B5B681846BD4680BC7047001000E0A4
:101CEC0080B584B000AF7860FFF7F0FFF8600C4B64
:101CFC001B680C4AA2FB03239A0C7B6802FB03F3C0
:101D0C00BB6000BFFFF7E2FF0246FB68D31ABA685C
:101D1C009A42F7D800BF00BF1037BD4680BD00BF48
:101D2C000400002083DE1B4380B500AFFFF7B4FF37
:101D3C000B4B00221A700A4B0A4A5A60084B0022BD
:101D4C009A60074B0022DA60054B00221A740022BD
:101D5C004FF48051044800F0F2FE00BF80BD00BF7C
:101D6C0024090020000080BF000C014080B500AFAA
:101D7C00114B1B78002B07D00F4B1B78032B03D078
:101D8C000D4B1B78042B15D10B4B01221A700A4BEF
:101D9C0000221A7401224FF48051084800F0CFFE43
:101DAC000A20FFF79DFF00224FF48051034800F0FA
:101DBC00C6FE00E000BF80BD24090020000C0140DD
:101DCC0080B582B000AF4FF40051324800F0A0FE55
:101DDC000346012B08D1FFF779FF03462E4A936087
:101DEC002D4B02221A7050E02B4B1B78022B4CD13E
:101DFC00FFF76CFF0346284AD360274BDA68264B63
:101E0C009B68D31A7B60254B1B68254AA2FB0323D6
:101E1C009B0C7A68B2FBF3F33B603B6846F2A7126B
:101E2C0093422CD83868FEF749FA03461D491846E8
:101E3C00FEF750FB03461A46174B5A60164B5B686D
:101E4C004FF080411846FEF72FFC0346002B03D0C1
:101E5C00114B4FF080425A600F4B5B681249184689
:101E6C00FEF740FC0346002B02D00B4B0E4A5A6087
:101E7C00094B03221A70084B01221A7405E0064B19
:101E8C000A4A5A60044B04221A7000BF0837BD4638
:101E9C0080BD00BF000C014024090020040000207C
:101EAC0083DE1B43000068420000C843000080BF73
:101EBC0080B400AF024B5B681846BD4680BC7047CF
:101ECC002409002080B500AF114B124A1A60104B48
:101EDC004FF4E1325A600E4B00229A600C4B0022F8
:101EEC00DA600B4B00221A61094B0C225A61084B29
:101EFC0000229A61064B0022DA61054806F027FCA5
:101F0C000346002B01D0FFF70FF800BF80BD00BFC8
:101F1C00380900200038014080B588B000AF7860E7
:101F2C0007F1100300221A605A609A60DA607B682D
:101F3C001B681C4A934231D11B4B9B691A4A43F4D0
:101F4C0080439361184B9B6903F48043FB60FB68EF
:101F5C00154B9B69144A43F004039361124B9B6924
:101F6C0003F00403BB60BB684FF400733B610223B6
:101F7C007B610323FB6107F1100319460B4800F04A
:101F8C0043FC4FF480633B6100237B610023BB6106
:101F9C0007F110031946054800F036FC00BF203746
:101FAC00BD4680BD003801400010024000080140D1
:101FBC00FFF720FC0B480C490C4A002302E0D458D4
:101FCC00C4500433C4188C42F9D3094A094C002379
:101FDC0001E013600432A242FBD30BF09DF9FEF733
:101FEC004FFD704700000020D001002048DF0008A2
:101FFC00D00100208C1C0020FEE7000080B500AF53
:10200C00084B1B68074A43F010031360032000F0D1
:10201C0047F90F2000F008F8FFF71EFB00231846C5
:10202C0080BD00BF0020024080B582B000AF786058
:10203C00124B1A68124B1B7819464FF47A73B3FB88
:10204C00F1F3B2FBF3F3184600F05FF90346002BF3
:10205C0001D001230EE07B680F2B0AD8002279688F
:10206C004FF0FF3000F027F9064A7B68136000231D
:10207C0000E0012318460837BD4680BD040000204F
:10208C000C0000200800002080B400AF054B1B782A
:10209C001A46054B1B681344034A136000BFBD4628
:1020AC0080BC70470C0000208009002080B400AF79
:1020BC00024B1B681846BD4680BC70478009002047
:1020CC0080B584B000AF7860FFF7F0FFB8607B6834
:1020DC00FB60FB68B3F1FF3F05D00A4B1B781A4637
:1020EC00FB681344FB6000BFFFF7E0FF0246BB68D0
:1020FC00D31AFA689A42F7D800BF00BF1037BD4612
:10210C0080BD00BF0C00002080B485B000AF7860AB
:10211C007B6803F00703FB600C4BDB68BB60BA68A1
:10212C004FF6FF031340BB60FB681A02BB681343F6
:10213C0043F0BF6343F40033BB60044ABB68D36015
:10214C0000BF1437BD4680BC704700BF00ED00E0F7
:10215C0080B400AF044BDB681B0A03F0070318467E
:10216C00BD4680BC704700BF00ED00E080B483B07A
:10217C0000AF0346FB7197F90730002B0BDBFB79A3
:10218C0003F01F02064997F907305B09012000FA9A
:10219C0002F241F8232000BF0C37BD4680BC7047CB
:1021AC0000E100E080B483B000AF03463960FB71FE
:1021BC0097F90730002B0ADB3B68DAB20C4997F928
:1021CC0007301201D2B20B4483F800230AE03B68BB
:1021DC00DAB20849FB7903F00F03043B1201D2B2C7
:1021EC000B441A7600BF0C37BD4680BC704700BF4D
:1021FC0000E100E000ED00E080B489B000AFF860D1
:10220C00B9607A60FB6803F00703FB61FB69C3F1FB
:10221C000703042B28BF0423BB61FB690433062B83
:10222C0002D9FB69033B00E000237B614FF0FF32D6
:10223C00BB6902FA03F3DA43BB681A407B699A4024
:10224C004FF0FF317B6901FA03F3D9437B680B40F4
:10225C00134318462437BD4680BC704780B582B006
:10226C0000AF78607B68013BB3F1807F01D3012321
:10227C000FE00A4A7B68013B53600F214FF0FF309F
:10228C00FFF790FF054B00229A60044B07221A605F
:10229C00002318460837BD4680BD00BF10E000E0A3
:1022AC0080B582B000AF78607868FFF72DFF00BF73
:1022BC000837BD4680BD80B586B000AF0346B96017
:1022CC007A60FB7300237B61FFF742FF78617A68C9
:1022DC00B9687869FFF790FF024697F90F301146FD
:1022EC001846FFF75FFF00BF1837BD4680BD80B5AD
:1022FC0082B000AF0346FB7197F907301846FFF721
:10230C0035FF00BF0837BD4680BD80B582B000AF39
:10231C0078607868FFF7A2FF034618460837BD4679
:10232C0080BD000080B485B000AF78600023FB60F6
:10233C007B68002B01D1012343E07B681B681A46A4
:10234C00224B1344224AA2FB03231B099A007B68ED
:10235C001A647B681F4ADA637B68022283F82120A7
:10236C007B681B681B68FB60FB6823F47F5323F0BE
:10237C003003FB607B685A687B689B681A437B68F8
:10238C00DB681A437B681B691A437B685B691A43D9
:10239C007B689B691A437B68DB691343FA681343B8
:1023AC00FB607B681B68FA681A607B6800229A6382
:1023BC007B68012283F821207B68002283F820208F
:1023CC00002318461437BD4680BC7047F8FFFDBF8C
:1023DC00CDCCCCCC0000024080B586B000AFF8600C
:1023EC00B9607A603B600023FB75FB6893F8203082
:1023FC00012B01D102234BE0FB68012283F8202042
:10240C00FB6893F82130DBB2012B3AD1FB68022236
:10241C0083F82120FB6800229A63FB681B681A680A
:10242C00FB681B6822F001021A603B687A68B96885
:10243C00F86800F0BCF9FB68DB6A002B08D0FB687D
:10244C001B681A68FB681B6842F00E021A600FE0EA
:10245C00FB681B681A68FB681B6822F004021A6090
:10246C00FB681B681A68FB681B6842F00A021A605A
:10247C00FB681B681A68FB681B6842F001021A6053
:10248C0005E0FB68002283F820200223FB75FB7D0E
:10249C0018461837BD4680BD80B584B000AF786053
:1024AC000023FB737B6893F82130DBB2022B05D041
:1024BC007B6804229A630123FB7351E07B681B68E1
:1024CC001A687B681B6822F00E021A607B681B6816
:1024DC001A687B681B6822F001021A607B681B6813
:1024EC00224A934229D07B681B68214A934222D00E
:1024FC007B681B681F4A93421AD07B681B681E4A74
:10250C00934212D07B681B681C4A93420AD07B68AA
:10251C001B681B4A934202D14FF480130EE04FF01C
:10252C0080730BE04FF4803308E04FF4805305E0E8
:10253C004FF4807302E0102300E00123114A536032
:10254C007B68012283F821207B68002283F82020FD
:10255C007B685B6B002B03D07B685B6B7868984760
:10256C00FB7B18461037BD4680BD00BF08000240FB
:10257C001C0002403000024044000240580002405F
:10258C006C0002400000024080B584B000AF78605F
:10259C007B68DB6B1B68FB607B681B681B68BB6024
:1025AC007B681B6C04229A40FB681340002B4FD0B5
:1025BC00BB6803F00403002B4AD07B681B681B68C4
:1025CC0003F02003002B07D17B681B681A687B681B
:1025DC001B6822F004021A607B681B68664A9342EF
:1025EC0029D07B681B68654A934222D07B681B68A4
:1025FC00634A93421AD07B681B68624A934212D09A
:10260C007B681B68604A93420AD07B681B685F4AF0
:10261C00934202D14FF480030EE04FF080630BE045
:10262C004FF4802308E04FF4804305E04FF48063BF
:10263C0002E0402300E00423554A53607B68DB6AC8
:10264C00002B00F094807B68DB6A786898478EE0FA
:10265C007B681B6C02229A40FB681340002B56D0FF
:10266C00BB6803F00203002B51D07B681B681B680E
:10267C0003F02003002B0BD17B681B681A687B6866
:10268C001B6822F00A021A607B68012283F8212061
:10269C007B681B68384A934229D07B681B68374A91
:1026AC00934222D07B681B68354A93421AD07B68D0
:1026BC001B68344A934212D07B681B68324A93429F
:1026CC000AD07B681B68314A934202D14FF4001345
:1026DC000EE04FF000730BE04FF4003308E04FF4C2
:1026EC00005305E04FF4007302E0202300E00223C6
:1026FC00274A53607B68002283F820207B689B6A02
:10270C00002B34D07B689B6A786898472FE07B68F5
:10271C001B6C08229A40FB681340002B28D0BB6826
:10272C0003F00803002B23D07B681B681A687B68B6
:10273C001B6822F00E021A607B681A6C7B68DB6BDC
:10274C00012101FA02F25A607B6801229A637B68CC
:10275C00012283F821207B68002283F820207B68EB
:10276C001B6B002B04D07B681B6B7868984700BFF1
:10277C0000BF1037BD4680BD080002401C0002405F
:10278C003000024044000240580002406C000240FD
:10279C000000024080B483B000AF78607B6893F88F
:1027AC002130DBB218460C37BD4680BC704780B474
:1027BC0085B000AFF860B9607A603B60FB681A6C5A
:1027CC00FB68DB6B012101FA02F25A60FB681B68A3
:1027DC003A685A60FB685B68102B08D1FB681B6871
:1027EC007A689A60FB681B68BA68DA6007E0FB6875
:1027FC001B68BA689A60FB681B687A68DA6000BF6D
:10280C001437BD4680BC704780B48BB000AF786085
:10281C00396000237B6200233B6269E101227B6A01
:10282C0002FA03F3FB613B681B68FA691340BB6156
:10283C00BA69FB699A4240F058813B685B689A4AD6
:10284C0093425ED0984A934275D8984A934258D096
:10285C00964A93426FD8964A934252D0944A9342E6
:10286C0069D8944A93424CD0924A934263D8924A84
:10287C00934246D0904A93425DD8122B2AD8122B01
:10288C0059D801A252F823F00F290008E9280008B2
:10289C00FB2800083D2900084329000843290008AB
:1028AC00432900084329000843290008432900084C
:1028BC00432900084329000843290008432900083C
:1028CC00432900084329000843290008F12800087F
:1028DC0005290008794A934213D02CE03B68DB6849
:1028EC003B6229E03B68DB6804333B6224E03B68D5
:1028FC00DB6808333B621FE03B68DB680C333B62F0
:10290C001AE03B689B68002B02D104233B6213E066
:10291C003B689B68012B05D108233B627B68FA69F5
:10292C001A6109E008233B627B68FA695A6103E08B
:10293C0000233B6200E000BFBB69FF2B01D87B6822
:10294C0001E07B6804337B61BB69FF2B02D87B6A97
:10295C009B0002E07B6A083B9B003B617B691A6829
:10296C000F213B6901FA03F3DB431A40396A3B69D7
:10297C0001FA03F31A437B691A603B685B6803F046
:10298C008053002B00F0B1804D4B9B694C4A43F0B7
:10299C00010393614A4B9B6903F00103BB60BB6865
:1029AC00484A7B6A9B08023352F82330FB607B6AEF
:1029BC0003F003039B000F2202FA03F3DB43FA68D4
:1029CC001340FB607B68404A934213D07B683F4ABC
:1029DC0093420DD07B683E4A934207D07B683D4AB8
:1029EC00934201D1032306E0042304E0022302E016
:1029FC00012300E000237A6A02F003029200934064
:102A0C00FA681343FB602F497B6A9B080233FA6810
:102A1C0041F823203B685B6803F48013002B06D03D
:102A2C002D4B9A682C49BB6913438B6006E02A4BEB
:102A3C009A68BB69DB43284913408B603B685B6831
:102A4C0003F40013002B06D0234BDA682249BB6930
:102A5C001343CB6006E0204BDA68BB69DB431E49AD
:102A6C001340CB603B685B6803F40033002B06D04B
:102A7C00194B5A681849BB6913434B6006E0164B57
:102A8C005A68BB69DB43144913404B603B685B6875
:102A9C0003F48033002B21D00F4B1A680E49BB690D
:102AAC0013430B6021E000BF000032100000311016
:102ABC000000221000002110000012100000111064
:102ACC00001002400000014000080140000C0140D1
:102ADC000010014000140140000401400B4B1A6827
:102AEC00BB69DB43094913400B607B6A01337B6292
:102AFC003B681A687B6A22FA03F3002B7FF48EAED4
:102B0C0000BF00BF2C37BD4680BC7047000401409D
:102B1C0080B485B000AF78600B467B807B689A6888
:102B2C007B881340002B02D00123FB7301E00023B0
:102B3C00FB73FB7B18461437BD4680BC704780B4D2
:102B4C0083B000AF78600B467B8013467B707B783C
:102B5C00002B03D07A887B681A6103E07B881A0407
:102B6C007B681A6100BF0C37BD4680BC704780B4CF
:102B7C0085B000AF78600B467B807B68DB68FB60C0
:102B8C007A88FB6813401A04FB68D9437B880B4096
:102B9C001A437B681A6100BF1437BD4680BC70476E
:102BAC0080B582B000AF0346FB80084B5A69FB88A6
:102BBC001340002B06D0054AFB885361FB8818464E
:102BCC00FEF7F4F800BF0837BD4680BD0004014095
:102BDC0080B584B000AF78607B68002B01D10123F5
:102BEC002BE17B6893F83D30DBB2002B06D17B6880
:102BFC00002283F83C207868FDF7B8FE7B6824221D
:102C0C0083F83D207B681B681A687B681B6822F080
:102C1C0001021A607B681B681A687B681B6842F4A7
:102C2C0000421A607B681B681A687B681B6822F478
:102C3C0000421A6004F0ECFCF8607B685B68814A27
:102C4C00934207D8FB68804A934294BF0123002328
:102C5C00DBB206E0FB687D4A934294BF012300235C
:102C6C00DBB2002B01D00123E7E0FB68784AA2FB22
:102C7C0003239B0CBB607B681B685B6823F03F01E4
:102C8C007B681B68BA680A435A607B681B681B6ABE
:102C9C0023F03F017B685B686A4A934202D8BB68A9
:102CAC00013309E0BB684FF4967202FB03F3694AE7
:102CBC00A2FB03239B0901337A6812680B4313624E
:102CCC007B681B68DB6923F44F4222F0FF027B68B0
:102CDC005B685C498B4219D8FB68591E7B685B6842
:102CEC005B00B1FBF3F3591C40F6FC730B40002B5B
:102CFC000AD0FB68591E7B685B685B00B1FBF3F381
:102D0C000133C3F30B0351E004234FE07B689B6852
:102D1C00002B11D1FB68581E7B6859680B465B0071
:102D2C000B44B0FBF3F30133C3F30B03002B0CBFC9
:102D3C0001230023DBB212E0FB68581E7B68596844
:102D4C000B469B000B4499000B44B0FBF3F301338F
:102D5C00C3F30B03002B0CBF01230023DBB2002BAE
:102D6C0001D0012322E07B689B68002B0ED1FB680D
:102D7C00581E7B6859680B465B000B44B0FBF3F3A1
:102D8C000133C3F30B0343F400430FE0FB68581EFD
:102D9C007B6859680B469B000B4499000B44B0FBB5
:102DAC00F3F30133C3F30B0343F44043796809682D
:102DBC001343CB617B681B681B6823F0C0017B68E5
:102DCC00DA697B681B6A1A437B681B680A431A60C2
:102DDC007B681B689B6823F4034323F0FF037A682A
:102DEC0011697A68D26811437A6812680B43936050
:102DFC007B681B68DB6823F0FF017B685A697B6882
:102E0C009B691A437B681B680A43DA607B681B6802
:102E1C001A687B681B6842F001021A607B6800220A
:102E2C001A647B68202283F83D207B6800221A6399
:102E3C007B68002283F83E20002318461037BD46DD
:102E4C0080BD00BFA08601007F841E00FF083D00EE
:102E5C0083DE1B43D34D621080B483B000AF786027
:102E6C007B681B685B6903F08003802B03D17B6854
:102E7C001B6800221A6100BF0C37BD4680BC70472E
:102E8C0080B588B002AFF860084611461A46034672
:102E9C007B810B463B811346FB80FFF707F978617A
:102EAC00FB6893F83D30DBB2202B40F0D9807B6976
:102EBC000093192301226D49F86802F05BF8034670
:102ECC00002B01D00223CCE0FB6893F83C30012BA3
:102EDC0001D10223C5E0FB68012283F83C20FB688A
:102EEC001B681B6803F00103012B07D0FB681B68F0
:102EFC001A68FB681B6842F001021A60FB681B68C9
:102F0C001A68FB681B6822F400621A60FB682122B5
:102F1C0083F83D20FB68402283F83E20FB680022AA
:102F2C001A64FB683A6A5A62FB68BA8C5A85FB6869
:102F3C005B8D9AB2FB681A85FB684D4ADA62F88899
:102F4C003A8979897B690193BB6A00930346F868D7
:102F5C0001F0BCFD0346002B52D0012381E07A69BD
:102F6C00B96AF86802F020F90346002B0DD0FB6813
:102F7C001B6C042B07D1FB681B681A68FB681B6869
:102F8C0042F400721A6001236BE0FB685B6A1A78EA
:102F9C00FB681B681A61FB685B6A5A1CFB685A6207
:102FAC00FB681B8D013B9AB2FB681A85FB685B8D35
:102FBC009BB2013B9AB2FB685A85FB681B685B6944
:102FCC0003F00403042B1BD1FB681B8D002B17D0C3
:102FDC00FB685B6A1A78FB681B681A61FB685B6AA2
:102FEC005A1CFB685A62FB681B8D013B9AB2FB684A
:102FFC001A85FB685B8D9BB2013B9AB2FB685A85C4
:10300C00FB681B8D002BAAD17A69B96AF86802F0AB
:10301C0013F90346002B0DD0FB681B6C042B07D156
:10302C00FB681B681A68FB681B6842F400721A6024
:10303C00012316E0FB681B681A68FB681B6842F4E6
:10304C0000721A60FB68202283F83D20FB68002286
:10305C0083F83E20FB68002283F83C20002300E02C
:10306C00022318461837BD4680BD00BF0200100071
:10307C000000FFFF80B58AB002AFF8600846114629
:10308C001A4603467B810B463B811346FB8000238B
:10309C007B61FFF70BF8F861FB6893F83D30DBB20E
:1030AC00202B40F02E81994B1B68DB08984AA2FB21
:1030BC0003231A0A13469B0013449A0013447B61A2
:1030CC007B69013B7B617B69002B12D1FB68002281
:1030DC001A63FB68202283F83D20FB68002283F8EA
:1030EC003E20FB681B6C43F02002FB681A64022331
:1030FC0008E1FB681B689B6903F00203022BDFD01D
:10310C00FB6893F83C30012B01D10223FAE0FB68F9
:10311C00012283F83C20FB681B681B6803F0010349
:10312C00012B07D0FB681B681A68FB681B6842F010
:10313C0001021A60FB681B681A68FB681B6822F4A2
:10314C0000621A60FB68212283F83D20FB68402254
:10315C0083F83E20FB6800221A64FB68BA6A5A6244
:10316C00FB68BA8D5A85FB685B8D9AB2FB681A8531
:10317C00FB68684ADA627A89FB685A643A89FB68A8
:10318C009A64FA88FB68DA64FB6800221A65FB68AB
:10319C001B8D002B00F0A180FB685B6B002B22D0F9
:1031AC00FB685B6B5C4A9A62FB685B6B5B4A1A63FD
:1031BC00FB685B6B0022DA62FB685B6B00225A6374
:1031CC00FB68586BFB685B6A1946FB681B6810331D
:1031DC001A46FB681B8DFFF7FFF80346FB76FB7E58
:1031EC00002B66D113E0FB68202283F83D20FB689E
:1031FC00002283F83E20FB681B6C43F08002FB68C6
:10320C001A64FB68002283F83C2001237AE0F888DA
:10321C003A897989FB690193232300930346F86863
:10322C0001F054FC0346002B22D0FB685B6B184664
:10323C00FFF732F90346FB76FB685B6B00229A6260
:10324C00FB681B681A68FB681B6822F480621A60B2
:10325C00FB6800221A85FB6800225A85FB681B68F4
:10326C001A68FB681B6822F001021A60012349E00E
:10327C0000233B61FB681B685B693B61FB681B6857
:10328C009B693B613B69FB68002283F83C20FB682F
:10329C001B685A68FB681B6842F480725A60FB68B2
:1032AC001B685A68FB681B6842F400625A60002372
:1032BC0028E0FB68202283F83D20FB68002283F87D
:1032CC003E20FB681B6C43F01002FB681A64FB6821
:1032DC00002283F83C20012314E0FB68202283F8B1
:1032EC003D20FB68002283F83E20FB681B6C43F0FA
:1032FC004002FB681A64FB68002283F83C2001231F
:10330C0000E0022318462037BD4680BD0400002093
:10331C0089B5F8140000FFFF054C0008C34D0008E8
:10332C0080B588B000AF78600023BB617B681B68F8
:10333C005B687B617B68DB6A3B617B6893F83E3042
:10334C00FB737B6893F83D30BB73FB7B102B03D076
:10335C00FB7B402B40F0B1807B681B689B69BB6199
:10336C007B681B685B69FB61FB6903F00103002B45
:10337C000DD13B69B3F52A0F03D03B69B3F12A4F4A
:10338C0001D1012300E00023012B00F01481FB6923
:10339C0003F00103002B0BD07B6903F40073002BAB
:1033AC0006D0786801F0F0FF786800F06BFD83E0E0
:1033BC00FB6903F00803002B08D07B6903F400734E
:1033CC00002B03D0786800F0E2FD75E0FB6903F098
:1033DC000203002B08D07B6903F40073002B03D08D
:1033EC00786800F0FDFD67E0BB6903F00403002B77
:1033FC0036D07B681B685B6803F40063B3F5006F21
:10340C0000F0DB80FB6903F08003002B0DD07B699F
:10341C0003F48063002B08D0FB6903F00403002B3A
:10342C0003D1786800F0CBF946E0FB6903F00403A4
:10343C00002B00F0C2807B6903F40073002B00F0BA
:10344C00BC80BB7B212B03D1786800F054FAB4E02C
:10345C00FB7B402B40F0B180786800F0C2FAACE006
:10346C007B681B685B6803F40063B3F5006F00F0C6
:10347C00A480FB6903F04003002B0DD07B6903F49F
:10348C008063002B08D0FB6903F00403002B03D1ED
:10349C00786800F03EFB0FE0FB6903F00403002B9F
:1034AC0000F08B807B6903F40073002B00F08580A7
:1034BC00786800F0F6FB80E07FE07B681B6C002BEB
:1034CC0004D07B681B685B69FB6107E07B681B6849
:1034DC009B69BB617B681B685B69FB61FB6903F0E3
:1034EC000203002B11D07B6903F40073002B0CD06A
:1034FC007B681B6C002B03D07B681B689B69BB61D2
:10350C00B969786800F0C3FF5AE0FB6903F0100357
:10351C00002B08D07B6903F40073002B03D0786870
:10352C0000F0FEFF4CE0BB7B212B02D0BB7B292B98
:10353C0020D1FB6903F08003002B0DD07B6903F4D1
:10354C008063002B08D0FB6903F00403002B03D12C
:10355C00786800F0E0FE32E0FB6903F00403002B16
:10356C002DD07B6903F40073002B28D0786800F011
:10357C000FFF24E0FB6903F04003002B0DD07B69A7
:10358C0003F48063002B08D0FB6903F00403002BC9
:10359C0003D1786800F01CFF12E0FB6903F0040310
:1035AC00002B0DD07B6903F40073002B08D07868D6
:1035BC0000F04CFF04E000BF02E000BF00E000BFE1
:1035CC002037BD4680BD80B58AB000AF78607B687F
:1035DC001B685B693B627B681B685B68FB61002353
:1035EC007B627B6893F83E30FB763B6A03F4807316
:1035FC00002B15D0FB6903F48073002B10D07B6A71
:10360C0043F001037B627B681B686FF480725A6124
:10361C007B681B681A687B681B6842F400421A605E
:10362C003B6A03F40073002B0DD0FB6903F4807329
:10363C00002B08D07B6A43F002037B627B681B681B
:10364C006FF400725A613B6A03F48063002B3ED026
:10365C00FB6903F48073002B39D0FB7EBB767B684F
:10366C005B8D9BB27B617B6893F83D30FB747B6810
:10367C001B6BFB60BB7E202B12D17B69002B0FD107
:10368C00FB7C212B08D0FB7C292B05D0FB7C282B29
:10369C0006D1FB68212B03D1786801F071F816E094
:1036AC007B681B686FF480625A617B6A43F0040389
:1036BC007B62FB7E102B02D0FB7E402B07D17B68FC
:1036CC001B681A687B681B6842F400721A603B6ABC
:1036DC0003F40063002B0DD0FB6903F48073002B03
:1036EC0008D07B6A43F008037B627B681B686FF42D
:1036FC0000625A617B6A002B08D07B681A6C7B6A6B
:10370C001A437B681A64786801F0AEF800BF28375A
:10371C00BD4680BD80B483B000AF786000BF0C376D
:10372C00BD4680BC704780B483B000AF786000BFEA
:10373C000C37BD4680BC704780B483B000AF786056
:10374C0000BF0C37BD4680BC704780B483B000AF5F
:10375C00786000BF0C37BD4680BC704780B483B026
:10376C0000AF78600B46FB7013463B8000BF0C37F4
:10377C00BD4680BC704780B483B000AF786000BF9A
:10378C000C37BD4680BC704780B483B000AF786006
:10379C0000BF0C37BD4680BC704780B483B000AF0F
:1037AC00786000BF0C37BD4680BC704780B483B0D6
:1037BC0000AF786000BF0C37BD4680BC704780B549
:1037CC0084B000AF78607B6893F83D30FB737B6806
:1037DC0093F83E30BB737B68DB6ABB607B681B8DE8
:1037EC00002B50D1FB7B212B4DD1BB68082B1DD05E
:1037FC00BB68202B1AD0BB6813F5803F16D07B68B2
:10380C001B685A687B681B6822F4E0625A607B680C
:10381C0011221A637B68002283F83E207B682022E9
:10382C0083F83D207868FFF775FF60E07B681B68C4
:10383C005A687B681B6822F4E0625A607B681B68DC
:10384C001A687B681B6842F400721A607B6800225D
:10385C001A637B68202283F83D207B6893F83E3006
:10386C00DBB2402B07D17B68002283F83E207868BE
:10387C00FDF790FA3BE07B68002283F83E207868E5
:10388C00FFF748FF33E0FB7B212B05D0BB7B402BA4
:10389C002DD1FB7B222B2AD17B685B8D9BB2002B1D
:1038AC0008D17B681B685A687B681B6822F48062AD
:1038BC005A601CE07B6893F83E30DBB2402B03D19E
:1038CC00786800F08EF812E07B685B6A1A787B6887
:1038DC001B681A617B685B6A5A1C7B685A627B683E
:1038EC005B8D9BB2013B9AB27B685A85FFE700BFA8
:1038FC001037BD4680BD80B584B000AF78607B6862
:10390C00DB6AFB607B6893F83D30DBB2212B64D122
:10391C007B685B8D9BB2002B12D07B685B6A1A783C
:10392C007B681B681A617B685B6A5A1C7B685A62ED
:10393C007B685B8D9BB2013B9AB27B685A854CE0ED
:10394C00FB68082B1DD0FB68202B1AD0FB6813F5E5
:10395C00803F16D07B681B685A687B681B6822F412
:10396C00E0625A607B6811221A637B68002283F83C
:10397C003E207B68202283F83D207868FFF7CAFE42
:10398C002BE07B681B685A687B681B6822F4E0623A
:10399C005A607B681B681A687B681B6842F400726B
:1039AC001A607B6800221A637B68202283F83D2012
:1039BC007B6893F83E30DBB2402B07D17B6800224A
:1039CC0083F83E207868FDF7E5F906E07B68002275
:1039DC0083F83E207868FFF79DFE00BF1037BD4688
:1039EC0080BD80B584B000AF78607B6893F83D30C3
:1039FC00FB737B681B6D002B1DD17B68DB6C012B73
:103A0C000BD17B689B6CDAB27B681B681A617B6894
:103A1C001B6D9A1C7B681A6577E07B689B6C9BB26C
:103A2C001B12DAB27B681B681A617B681B6D5A1C0F
:103A3C007B681A6569E07B681B6D012B0BD17B6879
:103A4C009B6CDAB27B681B681A617B681B6D5A1C15
:103A5C007B681A6559E07B681B6D022B52D1FB7B8E
:103A6C00222B0DD17B681B681A687B681B6842F49B
:103A7C0080721A607B681B6D5A1C7B681A6544E067
:103A8C007B685B8D9BB2002B15D0FB7B212B12D15D
:103A9C007B685B6A1A787B681B681A617B685B6A57
:103AAC005A1C7B685A627B685B8D9BB2013B9AB255
:103ABC007B685A8529E07B685B8D9BB2002B24D1F7
:103ACC00FB7B212B21D17B681B685A687B681B68A8
:103ADC0022F4E0625A607B681B681A687B681B687A
:103AEC0042F400721A607B6800221A637B68202201
:103AFC0083F83D207B68002283F83E207868FDF730
:103B0C0049F902E07868FFF7A7F900BF1037BD4606
:103B1C0080BD80B584B000AF78607B6893F83D3091
:103B2C00DBB2222B40F0B9807B68DB6AFB607B68E0
:103B3C005B8D9BB2BB60BB68032B21D97B681B6878
:103B4C001A697B685B6AD2B21A707B685B6A5A1C12
:103B5C007B685A627B685B8D9BB2013B9AB27B6837
:103B6C005A857B685B8D9BB2032B40F096807B68FB
:103B7C001B685A687B681B6822F480625A608CE070
:103B8C007B68DB6A022B7FD0BB68012B02D0BB6841
:103B9C00002B79D1786801F097FB0346002B4CD1B0
:103BAC007B681B681A687B681B6822F480621A6049
:103BBC007B681B685A687B681B6822F4E0625A6059
:103BCC007B681B681A697B685B6AD2B21A707B6867
:103BDC005B6A5A1C7B685A627B685B8D9BB2013BAB
:103BEC009AB27B685A857B68202283F83D207B68DB
:103BFC0093F83E30DBB2402B0AD17B68002283F86D
:103C0C003E207B6800221A637868FFF7BDFD44E014
:103C1C007B68002283F83E20FB68082B02D0FB68EF
:103C2C00202B03D17B6800221A6302E07B681222EE
:103C3C001A637868FFF777FD2FE07B681B685A687A
:103C4C007B681B6822F4E0625A607B681B681A6907
:103C5C007B685B6AD2B21A707B685B6A5A1C7B68A1
:103C6C005A627B685B8D9BB2013B9AB27B685A852A
:103C7C007B68202283F83D207B68002283F83E205D
:103C8C007868FFF78AFD08E07B681B685A687B68D8
:103C9C001B6822F480625A60FFE700BF1037BD46F4
:103CAC0080BD80B584B000AF78607B68DB6AFB6058
:103CBC007B685B8D9BB2042B1BD17B681B685A689D
:103CCC007B681B6822F480625A607B681B681A69E7
:103CDC007B685B6AD2B21A707B685B6A5A1C7B6821
:103CEC005A627B685B8D9BB2013B9AB27B685A85AA
:103CFC00C4E07B685B8D9BB2032B29D17B681B686E
:103D0C005A687B681B6822F480625A60FB68042B3B
:103D1C000AD0FB68022B07D07B681B681A687B688B
:103D2C001B6822F480621A607B681B681A697B68C6
:103D3C005B6AD2B21A707B685B6A5A1C7B685A62E7
:103D4C007B685B8D9BB2013B9AB27B685A8595E090
:103D5C007B685B8D9BB2022B7DD1FB68012B02D063
:103D6C00FB68102B08D17B681B681A687B681B6882
:103D7C0022F480621A6016E0FB68042B02D0FB6808
:103D8C00022B08D17B681B681A687B681B6842F49D
:103D9C0080621A6007E07B681B681A687B681B6886
:103DAC0042F400721A607B681B681A697B685B6A54
:103DBC00D2B21A707B685B6A5A1C7B685A627B6849
:103DCC005B8D9BB2013B9AB27B685A857B681B6802
:103DDC001A697B685B6AD2B21A707B685B6A5A1C80
:103DEC007B685A627B685B8D9BB2013B9AB27B68A5
:103DFC005A857B681B685A687B681B6822F4407282
:103E0C005A607B68202283F83D207B6893F83E3013
:103E1C00DBB2402B0AD17B68002283F83E207B6802
:103E2C0000221A637868FFF7AFFC27E07B6800225A
:103E3C0083F83E20FB68082B02D0FB68202B03D1B3
:103E4C007B6800221A6302E07B6812221A6378688E
:103E5C00FFF769FC12E07B681B681A697B685B6A78
:103E6C00D2B21A707B685B6A5A1C7B685A627B6898
:103E7C005B8D9BB2013B9AB27B685A8500BF1037B1
:103E8C00BD4680BD80B483B000AF78607B6893F88A
:103E9C003E30DBB2402B17D17B681B6D002B09D158
:103EAC007B685B6CDBB21A467B681B6802F0FE0217
:103EBC001A6167E07B685B6CDBB243F00103DAB23A
:103ECC007B681B681A615DE07B681B69B3F5804FEA
:103EDC0033D17B6893F83D30DBB2212B09D17B6861
:103EEC005B6CDBB21A467B681B6802F0FE021A613F
:103EFC0008E07B685B6CDBB243F00103DAB27B68F1
:103F0C001B681A617B685B6B002B04D07B685B6B56
:103F1C009B6A002B08D17B689B6B002B32D07B6893
:103F2C009B6B9B6A002B2DD07B681B685A687B6847
:103F3C001B6842F400625A6024E07B681B6D002B06
:103F4C000ED17B685B6C9BB2DB11DBB203F006031A
:103F5C00DBB263F00F03DAB27B681B681A6111E005
:103F6C007B681B6D012B0DD17B685B6C9BB2DB11ED
:103F7C00DBB203F00603DBB263F00E03DAB27B684C
:103F8C001B681A6100BF0C37BD4680BC704780B4FB
:103F9C0083B000AF78607B685B6CDAB27B681B68BF
:103FAC001A617B685B6B002B04D07B685B6B9B6A34
:103FBC00002B08D17B689B6B002B0CD07B689B6B18
:103FCC009B6A002B07D07B681B685A687B681B6850
:103FDC0042F400625A6000BF0C37BD4680BC70478B
:103FEC0080B491B000AF78607B6893F83E3087F86E
:103FFC003F307B68DB6ABB637B681B6B7B637B68D6
:10400C0093F83D30DBB2222B40F074817B681B6D42
:10401C00002B0FD197F83F30402B0BD100233B6383
:10402C007B681B685B693B637B681B689B693B63B4
:10403C003B6B6BE17B681B6D002B1DD17B681B6997
:10404C00B3F5404F18D10023FB627B681B685B699A
:10405C00FB627B681B689B69FB62FB6A7B681B6865
:10406C001A687B681B6842F480721A607B681B6D4F
:10407C005A1C7B681A6549E17B685B8D9BB2002BEF
:10408C0013D10023BB627B681B685B69BB627B68D6
:10409C001B689B69BB62BB6A7B681B681A687B6880
:1040AC001B6842F400721A6020E17B685B8D9BB246
:1040BC00012B40F08A80BB6B13F5803F37D17B68B6
:1040CC001B681A687B681B6822F480621A607B6824
:1040DC001B685B6803F40063B3F5006F13D17B6856
:1040EC001B681A687B681B6822F480621A600023C4
:1040FC007B627B681B685B697B627B681B689B6966
:10410C007B627B6AF2E000233B627B681B685B6925
:10411C003B627B681B689B693B623B6A7B681B68E4
:10412C001A687B681B6842F400721A60DEE0BB6B95
:10413C00082B2ED0BB6B202B2BD07B6B122B02D1E0
:10414C00BB6B012B25D1BB6B042B0ED0BB6B022B95
:10415C000BD0BB6B102B08D07B681B681A687B6874
:10416C001B6822F480621A6007E07B681B681A687F
:10417C007B681B6842F480621A600023FB617B68D9
:10418C001B685B69FB617B681B689B69FB61FB6956
:10419C00ACE07B681B681A687B681B6822F4806241
:1041AC001A600023BB617B681B685B69BB617B6821
:1041BC001B689B69BB61BB697B681B681A687B6861
:1041CC001B6842F400721A6090E07B685B8D9BB2B6
:1041DC00022B58D1BB6B042B21D0BB6B022B1ED0F6
:1041EC00BB6B102B1BD07B681B681A687B681B6829
:1041FC0042F400621A6000237B617B681B685B6978
:10420C007B617B681B689B697B617B697B681B6836
:10421C001A687B681B6822F480621A6012E07B6863
:10422C001B681A687B681B6842F480621A60002362
:10423C003B617B681B685B693B617B681B689B69A6
:10424C003B613B697B681B685B6803F40063B3F5F7
:10425C00006F4BD1BB6B13F5803F0BD0BB6B012BAD
:10426C0008D0BB6B082B05D0BB6B102B02D0BB6BE3
:10427C00202B3BD17B681B685A687B681B6842F417
:10428C0080525A6032E07B681B681A687B681B6836
:10429C0042F480621A607B681B685B6803F40063FD
:1042AC00B3F5006F17D1BB6B13F5803F0BD0BB6B15
:1042BC00012B08D0BB6B082B05D0BB6B102B02D08D
:1042CC00BB6B202B07D17B681B685A687B681B680B
:1042DC0042F480525A600023FB607B681B685B6968
:1042EC00FB607B681B689B69FB60FB687B6800223A
:1042FC001A650BE00023BB607B681B685B69BB60C5
:10430C007B681B689B69BB60BB68FFE700BF4437D9
:10431C00BD4680BC704780B584B000AF78607B68C8
:10432C0093F83D30FB737B685B8D9BB2002B2BD0DD
:10433C007B685B6A1A787B681B681A617B685B6AAE
:10434C005A1C7B685A627B685B8D9BB2013B9AB2AC
:10435C007B685A857B685B8D9BB2002B14D1FB7BF1
:10436C00292B11D17B681B685A687B681B6822F467
:10437C0080625A607B6821221A637B68282283F84A
:10438C003D207868FFF7D8F900BF1037BD4680BDD7
:10439C0080B483B000AF78607B685B8D9BB2002BE0
:1043AC0011D07B685B6A1A787B681B681A617B6822
:1043BC005B6A5A1C7B685A627B685B8D9BB2013BC3
:1043CC009AB27B685A8500BF0C37BD4680BC7047DB
:1043DC0080B584B000AF78607B6893F83D30FB7398
:1043EC007B685B8D9BB2002B2CD07B681B681A6999
:1043FC007B685B6AD2B21A707B685B6A5A1C7B68FA
:10440C005A627B685B8D9BB2013B9AB27B685A8582
:10441C007B685B8D9BB2002B14D1FB7B2A2B11D1BB
:10442C007B681B685A687B681B6822F480625A6040
:10443C007B6822221A637B68282283F83D207868E7
:10444C00FFF783F900BF1037BD4680BD80B483B041
:10445C0000AF78607B685B8D9BB2002B12D07B68C1
:10446C001B681A697B685B6AD2B21A707B685B6ADC
:10447C005A1C7B685A627B685B8D9BB2013B9AB27B
:10448C007B685A8500BF0C37BD4680BC704780B531
:10449C0084B000AF786039600023FB737B6893F8BD
:1044AC003D30DBB203F02803282B25D17B681B6839
:1044BC005A687B681B6822F480625A603B6803F080
:1044CC000403002B01D10123FB733B6803F0800331
:1044DC00002B03D17B68DB68BB8102E07B689B69A6
:1044EC00BB817B68002283F83C20BA89FB7B194690
:1044FC007868FFF733F90EE00023BB607B681B681C
:10450C005B69BB607B681B689B69BB60BB687B6835
:10451C00002283F83C2000BF1037BD4680BD000050
:10452C0080B584B000AF78607B6893F83D30FB7346
:10453C007B681B685A687B681B6822F4E0625A60CF
:10454C000023BB607B681B685B69BB607B681B6876
:10455C001A687B681B6842F001021A60BB687B68B2
:10456C001B681A687B681B6822F480621A607B687F
:10457C001B685B6803F40063B3F5006F72D1FB7BBF
:10458C00222B02D0FB7B2A2B35D17B689B6B1B68C3
:10459C005B689AB27B685A857B685B8D9BB2002BFB
:1045AC0005D07B681B6C43F004027B681A647B6843
:1045BC001B685A687B681B6822F400625A607B682F
:1045CC009B6B1846FEF7E6F80346012B49D07B6837
:1045DC009B6B694A5A637B689B6B1846FDF75CFFC3
:1045EC000346002B3DD07B689B6B5B6B7A68926BB0
:1045FC001046984735E07B685B6B1B685B689AB22A
:10460C007B685A857B685B8D9BB2002B05D07B68E1
:10461C001B6C43F004027B681A647B681B685A6845
:10462C007B681B6822F400625A607B685B6B1846DF
:10463C00FEF7B0F80346012B14D07B685B6B4E4A37
:10464C005A637B685B6B1846FDF726FF0346002B0D
:10465C0008D07B685B6B5B6B7A68526B1046984733
:10466C0000E000BF7B685B8D9BB2002B3ED07B686B
:10467C001B685B6903F00403042B12D17B681B6875
:10468C001A697B685B6AD2B21A707B685B6A5A1CC7
:10469C007B685A627B685B8D9BB2013B9AB27B68EC
:1046AC005A857B681B685B6903F04003402B12D171
:1046BC007B681B681A697B685B6AD2B21A707B686C
:1046CC005B6A5A1C7B685A627B685B8D9BB2013BB0
:1046DC009AB27B685A857B685B8D9BB2002B05D0A8
:1046EC007B681B6C43F004027B681A647B681B6C50
:1046FC00002B03D0786800F0B7F839E0FB7B2A2B4D
:10470C0009D17B6800221A637B68282283F83D203C
:10471C007868FFF71AF87B6893F83D30DBB2282BEA
:10472C0011D17B68154ADA627B6800221A637B68B8
:10473C00202283F83D207B68002283F83E20786895
:10474C00FFF719F814E07B681B6B222B02D0FB7B64
:10475C00222B0DD17B6800221A637B68202283F800
:10476C003D207B68002283F83E207868FEF7EDFF41
:10477C0000BF1037BD4680BD314E00080000FFFF62
:10478C0080B584B000AF78607B6893F83D30FB73E4
:10479C007B68DB6ABB60BB68082B02D0BB68202B34
:1047AC0029D1FB7B282B26D17B682E4ADA627B68C9
:1047BC001B685A687B681B6822F4E0625A607B684D
:1047CC001B686FF480625A617B681B681A687B688F
:1047DC001B6822F480621A607B6800221A637B6873
:1047EC00202283F83D207B68002283F83E207868E5
:1047FC00FEF7C1FF31E0FB7B212B29D17B68194AE5
:10480C00DA627B6821221A637B68202283F83D20C0
:10481C007B68002283F83E207B681B685A687B68A3
:10482C001B6822F4E0625A607B681B686FF480623C
:10483C005A617B681B681A687B681B6822F480626B
:10484C001A607868FEF708FB7868FEF775FF04E0DD
:10485C007B681B686FF480625A6100BF1037BD46DD
:10486C0080BD00BF0000FFFF80B584B000AF786052
:10487C007B6893F83D30FB737B6893F83E30BB73D9
:10488C00BB7B102B02D0BB7B402B0AD1FB7B222B9A
:10489C0007D17B681B681A687B681B6822F400626E
:1048AC001A60FB7B03F02803282B07D17B680022BE
:1048BC001A637B68282283F83D2015E07B681B680F
:1048CC005B6803F40063B3F5006F0AD0FB7B602BCD
:1048DC0007D07B68202283F83D207B68002283F878
:1048EC003E207B6800221A637B681B685B6803F4BC
:1048FC000063B3F5006F62D17B681B685A687B68F4
:10490C001B6822F400625A607B685B6B93F8213061
:10491C00DBB2012B20D07B685B6B6A4A5A637B68E5
:10492C005B6B1846FDF7B8FD0346002B00F0898041
:10493C007B681B681A687B681B6822F001021A608E
:10494C007B68202283F83D207B685B6B5B6B7A680D
:10495C00526B1046984774E07B689B6B594A5A63BC
:10496C007B689B6B1846FDF797FD0346002B68D0C0
:10497C007B681B685B6903F04003402B0BD17B68A1
:10498C001B681A697B685B6AD2B21A707B685B6AB7
:10499C005A1C7B685A627B681B681A687B681B68A8
:1049AC0022F001021A607B68202283F83D207B688C
:1049BC009B6B5B6B7A68926B1046984741E07B6807
:1049CC0093F83D30DBB2602B25D17B68202283F835
:1049DC003D207B6800221A647B681B685B6903F0CE
:1049EC004003402B0BD17B681B681A697B685B6AA0
:1049FC00D2B21A707B685B6A5A1C7B685A627B68FD
:104A0C001B681A687B681B6822F001021A607868C0
:104A1C00FEF7CCFE15E07B681B685B6903F0400376
:104A2C00402B0BD17B681B681A697B685B6AD2B21E
:104A3C001A707B685B6A5A1C7B685A627868FEF74E
:104A4C00ACFE7B681B6CBB60BB6803F00103002BE6
:104A5C000ED1BB6803F00203002B09D1BB6803F035
:104A6C000403002B04D1BB6803F00803002B07D010
:104A7C007B681B685A687B681B6822F4E0625A608A
:104A8C007B6893F83D30FB737B681B6C03F004036D
:104A9C00042B13D1FB7B282B10D17B680A4ADA62DA
:104AAC007B6800221A637B68202283F83D207B6898
:104ABC00002283F83E207868FEF75DFE00BF1037B9
:104ACC00BD4680BD314E00080000FFFF80B588B0A8
:104ADC0002AFF860084611461A4603467B810B4626
:104AEC003B811346FB80FB681B681A68FB681B68DC
:104AFC0042F480721A607B6A00933B6A00224FF08A
:104B0C000111F86800F036FA0346002B0DD0FB6853
:104B1C001B681B6803F48073B3F5807F03D1FB68BB
:104B2C004FF400721A6403235FE07B89DBB21A46F0
:104B3C00FB681B6802F0FE021A617B6A3A6A2D4917
:104B4C00F86800F091FA0346002B01D001234CE0E9
:104B5C0000237B61FB681B685B697B61FB681B68DE
:104B6C009B697B617B697A6A396AF86800F01CFB87
:104B7C000346002B0DD0FB681B6C042B07D1FB6884
:104B8C001B681A68FB681B6842F400721A600123E8
:104B9C002BE0FB88012B05D13B89DAB2FB681B6843
:104BAC001A6121E03B891B0A9BB2DAB2FB681B68D5
:104BBC001A617A6A396AF86800F0F6FA0346002B33
:104BCC000DD0FB681B6C042B07D1FB681B681A68A3
:104BDC00FB681B6842F400721A60012305E03B89F4
:104BEC00DAB2FB681B681A61002318461837BD46F9
:104BFC0080BD00BF0200010080B586B000AF7860B8
:104C0C007B685B6A7B617B6993F83D30FB747B69E5
:104C1C0093F83E30BB747B69DB6AFB607B691B6875
:104C2C005A687B691B6822F440725A607B695B6B23
:104C3C00002B03D07B695B6B00229A627B699B6BB8
:104C4C00002B03D07B699B6B00229A62FB7C03F0E8
:104C5C002103212B07D0FB7C03F02203222B31D123
:104C6C00BB7C202B2ED17B691B685A687B691B6827
:104C7C0022F400625A607B6900225A85FB7C292B46
:104C8C000AD17B6921221A637B69282283F83D2093
:104C9C007869FEF751FD0CE0FB7C2A2B09D17B696E
:104CAC0022221A637B69282283F83D207869FEF75B
:104CBC004CFD7B691B685A687B691B6842F4407227
:104CCC005A6074E07B6993F83E30DBB2002B6ED0F7
:104CDC007B695B8D9BB2012B07D17B691B681A68C2
:104CEC007B691B6822F480621A607B691B685A68B6
:104CFC007B691B6822F440725A60FB6813F5803F95
:104D0C0009D0FB68082B06D0FB68B3F12A4F02D000
:104D1C00FB68202B07D17B691B681A687B691B68B1
:104D2C0042F400721A607B691B685A687B691B68C5
:104D3C0022F480525A607B691B685A687B691B6835
:104D4C0022F400625A607B6900225A857B691B6CD5
:104D5C00002B03D07869FEF720FD28E07B69202228
:104D6C0083F83D207B6993F83E30DBB2402B0AD1AF
:104D7C007B69002283F83E207B6900221A637869E4
:104D8C00FEF702FD13E07B69002283F83E20FB68EE
:104D9C00082B02D0FB68202B03D17B6900221A63FD
:104DAC0002E07B6912221A637869FEF7BCFC00BF33
:104DBC001837BD4680BD80B584B000AF78607B6885
:104DCC005B6AFB60FB685B6B002B03D0FB685B6B67
:104DDC0000229A62FB689B6B002B03D0FB689B6BD9
:104DEC0000229A62FB681B681A68FB681B6822F435
:104DFC0080621A60FB6800225A85FB68202283F8C7
:104E0C003D20FB68002283F83E20FB681B6C43F0BE
:104E1C001002FB681A64F868FEF7BFFC00BF10377D
:104E2C00BD4680BD80B586B000AF78600023FB60C6
:104E3C007B685B6A7B617B6993F83D30FB744B4B01
:104E4C001B68DB084A4AA2FB03231A0A13469B0081
:104E5C001344DA00D31AFB60FB68002B06D17B6984
:104E6C001B6C43F020027B691A640AE0FB68013B6F
:104E7C00FB607B691B681B6803F40073B3F5007F50
:104E8C00EAD07B695B6B002B03D07B695B6B0022E8
:104E9C009A627B699B6B002B03D07B699B6B002216
:104EAC009A627B691B681A687B691B6822F48062B2
:104EBC001A607B6900225A857B695B6B002B03D0DF
:104ECC007B695B6B00225A637B699B6B002B03D065
:104EDC007B699B6B00225A637B691B681A687B6930
:104EEC001B6822F001021A607B6993F83D30DBB23B
:104EFC00602B0ED17B69202283F83D207B69002238
:104F0C0083F83E207B6900221A647869FEF74EFC18
:104F1C0027E0FB7C03F02803282B17D17B691B6847
:104F2C001A687B691B6842F001021A607B691B6876
:104F3C001A687B691B6842F480621A607B690022E4
:104F4C001A637B69282283F83D2007E07B692022C5
:104F5C0083F83D207B69002283F83E207869FEF7B8
:104F6C001CFC00BF1837BD4680BD00BF04000020EC
:104F7C0089B5F81480B584B000AFF860B9603B60B7
:104F8C001346FB7148E03B68B3F1FF3F44D0FDF79B
:104F9C008DF80246BB69D31A3A689A4202D33B6831
:104FAC00002B39D1BB681B0CDBB2012B0DD1FB687C
:104FBC001B685B69DA43BB6813409BB2002B0CBFC8
:104FCC0001230023DBB21A460CE0FB681B689B69CB
:104FDC00DA43BB6813409BB2002B0CBF01230023A8
:104FEC00DBB21A46FB799A4216D1FB6800221A638F
:104FFC00FB68202283F83D20FB68002283F83E20CA
:10500C00FB681B6C43F02002FB681A64FB680022EF
:10501C0083F83C20012323E0BB681B0CDBB2012B83
:10502C000DD1FB681B685B69DA43BB6813409BB20C
:10503C00002B0CBF01230023DBB21A460CE0FB68EB
:10504C001B689B69DA43BB6813409BB2002B0CBFF7
:10505C0001230023DBB21A46FB799A4293D000233A
:10506C0018461037BD4680BD80B584B000AFF860DF
:10507C00B9607A603B6071E0FB681B685B6903F4A4
:10508C008063B3F5806F23D1FB681B681A68FB68DB
:10509C001B6842F400721A60FB681B686FF4806234
:1050AC005A61FB6800221A63FB68202283F83D20BA
:1050BC00FB68002283F83E20FB681B6C43F0040263
:1050CC00FB681A64FB68002283F83C20012367E02C
:1050DC007B68B3F1FF3F41D0FCF7E8FF02463B6829
:1050EC00D31A7A689A4202D37B68002B36D1BB68FC
:1050FC001B0CDBB2012B0CD1FB681B685B69DA4320
:10510C00BB6813409BB2002B14BF01230023DBB2FE
:10511C000BE0FB681B689B69DA43BB6813409BB2CE
:10512C00002B14BF01230023DBB2002B16D0FB682D
:10513C0000221A63FB68202283F83D20FB680022C2
:10514C0083F83E20FB681B6C43F02002FB681A645A
:10515C00FB68002283F83C20012321E0BB681B0C78
:10516C00DBB2012B0CD1FB681B685B69DA43BB68B3
:10517C0013409BB2002B14BF01230023DBB20BE0C6
:10518C00FB681B689B69DA43BB6813409BB2002B1E
:10519C0014BF01230023DBB2002B7FF46DAF00237F
:1051AC0018461037BD4680BD80B584B000AFF8609E
:1051BC00B9607A6034E0F86800F0B8F80346002B68
:1051CC0001D0012334E0BB68B3F1FF3F28D0FCF7DA
:1051DC006DFF02467B68D31ABA689A4202D3BB6849
:1051EC00002B1DD1FB681B685B6903F08003802BCF
:1051FC0016D0FB6800221A63FB68202283F83D203E
:10520C00FB68002283F83E20FB681B6C43F02002F5
:10521C00FB681A64FB68002283F83C20012307E03A
:10522C00FB681B685B6903F08003802BC3D10023F0
:10523C0018461037BD4680BD80B584B000AFF8600D
:10524C00B9607A6034E0F86800F070F80346002B1F
:10525C0001D0012334E0BB68B3F1FF3F28D0FCF749
:10526C0025FF02467B68D31ABA689A4202D3BB6800
:10527C00002B1DD1FB681B685B6903F00403042B36
:10528C0016D0FB6800221A63FB68202283F83D20AD
:10529C00FB68002283F83E20FB681B6C43F0200265
:1052AC00FB681A64FB68002283F83C20012307E0AA
:1052BC00FB681B685B6903F00403042BC3D1002358
:1052CC0018461037BD4680BD80B485B000AF7860FD
:1052DC000023FB60134B1B68DB08134AA2FB032360
:1052EC001A0A13469B001344FB60FB68013BFB60EE
:1052FC00FB68002B07D17B681B6C43F020027B689A
:10530C001A64012308E07B681B681B6803F40073B4
:10531C00B3F5007FE9D0002318461437BD4680BC96
:10532C00704700BF0400002089B5F81480B483B026
:10533C0000AF78607B681B685B6903F48063B3F52E
:10534C00806F1BD17B681B686FF480625A617B682D
:10535C0000221A637B68202283F83D207B680022A0
:10536C0083F83E207B681B6C43F004027B681A6454
:10537C007B68002283F83C20012300E000231846C0
:10538C000C37BD4680BC704780B483B000AF7860EA
:10539C007B68DB6AB3F52A0F03D17B680122DA62E2
:1053AC0007E07B68DB6AB3F12A4F02D17B680822E5
:1053BC00DA6200BF0C37BD4680BC704780B584B044
:1053CC0000AF78607B68002B01D10123E8E07B689B
:1053DC0093F89132DBB2002B06D17B68002283F864
:1053EC009022786807F0C0FC7B68032283F8912236
:1053FC007B6800225A717B681B68184603F0EFFB30
:10540C007B6818687B6804330ECB03F0C5FB03463E
:10541C00002B05D07B68022283F891220123BFE088
:10542C007B681B680021184603F0F3FB0346002B36
:10543C0005D07B68022283F891220123B0E000237F
:10544C00FB733EE0FA7B796813469B001344DB0048
:10545C000B44113301221A70FA7B796813469B00B6
:10546C001344DB000B441033FA7B1A70FA7B796817
:10547C0013469B001344DB000B44133300221A70B9
:10548C00FA7B796813469B001344DB000B442033F2
:10549C0000221A60FA7B796813469B001344DB00E8
:1054AC000B44243300221A60FB7B79685A1C134688
:1054BC009B001344DB000B4400221A60FB7B01337E
:1054CC00FB737B681B79FA7B9A42BBD30023FB737B
:1054DC0044E0FA7B796813469B001344DB000B44D1
:1054EC0003F2511300221A70FA7B796813469B0061
:1054FC001344DB000B4403F5A873FA7B1A70FA7B98
:10550C00796813469B001344DB000B4403F25313DE
:10551C0000221A70FA7B796813469B001344DB0057
:10552C000B4403F5B07300221A60FA7B79681346BA
:10553C009B001344DB000B4403F5B27300221A608A
:10554C00FA7B796813469B001344DB000B4403F58C
:10555C00B47300221A60FB7B0133FB737B681B79ED
:10556C00FA7B9A42B5D37B6818687B6804330ECB00
:10557C0003F05BFB0346002B05D07B68022283F80B
:10558C00912201230CE07B6800225A737B68012274
:10559C0083F891227B681B68184605F0DAFD00231E
:1055AC0018461037BD4680BD80B582B000AF78601C
:1055BC007B6893F89032012B01D1022316E07B68B3
:1055CC00012283F890227B681B68184603F0F1FADD
:1055DC000121786807F03BFE7B681B68184605F0D4
:1055EC00AEFD7B68002283F8902200231846083712
:1055FC00BD4680BD80B588B000AF78607B681B6805
:10560C00184605F0B0FDB861BB6903F40043002BEC
:10561C0003D0786800F01AFB19E1BB6903F48063CE
:10562C00002B13D07B681B68B3F844309AB27B68AC
:10563C001B6822F4806292B2A3F84420786807F0C9
:10564C000EFC0021786800F005F900E1BB6903F459
:10565C008043002B0CD07B681B68B3F844309AB2A3
:10566C007B681B6822F4804292B2A3F84420EEE0DF
:10567C00BB6903F40053002B0CD07B681B68B3F898
:10568C0044309AB27B681B6822F4005292B2A3F8A1
:10569C004420DCE0BB6903F48053002B27D07B68EB
:1056AC001B68B3F840309AB27B681B6822F0040286
:1056BC0092B2A3F840207B681B68B3F840309AB2D2
:1056CC007B681B6822F0080292B2A3F8402078682D
:1056DC0007F0FEFB7B681B68B3F844309AB27B681A
:1056EC001B6822F4805292B2A3F84420AFE0BB694D
:1056FC0003F40063002B00F083800023FB7710E0A1
:10570C007B681B681A46FB7F9B001A44FB7F128840
:10571C0092B25B0020333B4423F8182CFB7F0133FF
:10572C00FB77FB7F072BEBD97B681B68B3F840300A
:10573C009AB27B681B6842F0010292B2A3F8402037
:10574C007B681B68B3F840309AB27B681B6822F008
:10575C00010292B2A3F8402000BF7B681B68B3F82B
:10576C0044309BB203F48063002BF6D07B681B683B
:10577C00B3F844309AB27B681B6822F4806292B210
:10578C00A3F844200023FB770FE0FB7F7A681268B4
:10579C001146FA7F92000A445B0020333B4433F8F5
:1057AC00183C1380FB7F0133FB77FB7F072BECD975
:1057BC007B681B68B3F840309AB27B681B6842F078
:1057CC00080292B2A3F840207B681B68B3F84430FF
:1057DC009AB27B681B6822F4006292B2A3F8442050
:1057EC007B681B68B3F840309AB27B681B6842F048
:1057FC00040292B2A3F84020786807F04FFB26E031
:10580C00BB6903F40073002B0FD07B681B68B3F8E3
:10581C0044309AB27B681B6822F4007292B2A3F8EF
:10582C004420786807F00DFB11E0BB6903F480732A
:10583C00002B0CD07B681B68B3F844309AB27B68A1
:10584C001B6822F4807292B2A3F8442000BF203768
:10585C00BD4680BD80B582B000AF78600B46FB7052
:10586C007B6893F89032012B01D1022312E07B6804
:10587C00012283F890227B68FA785A737B681B6844
:10588C00FA781146184605F047FC7B68002283F82D
:10589C009022002318460837BD4680BD80B584B0E1
:1058AC0000AF7860084611461A460346FB700B465B
:1058BC003B801346BB700023FB7297F90330002B1F
:1058CC000EDAFB7803F0070213469B001344DB004F
:1058DC0010337A681344FB60FB6801225A700EE0A7
:1058EC00FB7803F0070213469B001344DB0003F51F
:1058FC00A8737A681344FB60FB6800225A70FB782B
:10590C0003F00703DAB2FB681A703A88FB681A6175
:10591C00FB68BA78DA70BB78022B02D1FB680022E4
:10592C001A717B6893F89032012B01D102230EE09F
:10593C007B68012283F890227B681B68F968184603
:10594C0003F090F97B68002283F89022FB7A1846CA
:10595C001037BD4680BD80B584B000AF78600B4673
:10596C00FB7097F90330002B0EDAFB7803F007027B
:10597C0013469B001344DB0010337A681344FB601E
:10598C00FB6801225A700EE0FB7803F00702134605
:10599C009B001344DB0003F5A8737A681344FB6087
:1059AC00FB6800225A70FB7803F00703DAB2FB683D
:1059BC001A707B6893F89032012B01D102230EE010
:1059CC007B68012283F890227B681B68F968184673
:1059DC0003F008FD7B68002283F890220023184610
:1059EC001037BD4680BD80B586B000AFF8607A60D8
:1059FC003B600B46FB72FB7A03F0070213469B00DD
:105A0C001344DB0003F5A873FA6813447B617B69CC
:105A1C007A685A617B693A689A617B690022DA611B
:105A2C007B6900225A70FB7A03F00703DAB27B69B8
:105A3C001A70FB681B687969184603F0BFFE0023D7
:105A4C0018461837BD4680BD80B483B000AF78606F
:105A5C000B46FB70FB7803F00702796813469B003A
:105A6C001344DB000B4403F5B6731B6818460C3764
:105A7C00BD4680BC704780B586B000AFF8607A60D8
:105A8C003B600B46FB72FB7A03F0070213469B004C
:105A9C001344DB001033FA6813447B617B697A682A
:105AAC005A617B693A689A617B69012283F82420E8
:105ABC007B693A681A627B690022DA617B69012290
:105ACC005A70FB7A03F00703DAB27B691A70FB6831
:105ADC001B687969184603F071FE002318461837C5
:105AEC00BD4680BD80B584B000AF78600B46FB70BE
:105AFC00FB7803F007037A681279934201D90123EA
:105B0C004CE097F90330002B0EDAFB7803F0070218
:105B1C0013469B001344DB0010337A681344FB607C
:105B2C00FB6801225A700CE0FA7813469B00134470
:105B3C00DB0003F5A8737A681344FB60FB68002252
:105B4C005A70FB6801229A70FB7803F00703DAB2F3
:105B5C00FB681A707B6893F89032012B01D10223F9
:105B6C001CE07B68012283F890227B681B68F96833
:105B7C00184605F0D4F9FB7803F00703002B08D185
:105B8C007B681A687B6803F526731946104605F086
:105B9C00F9FA7B68002283F890220023184610370C
:105BAC00BD4680BD80B584B000AF78600B46FB70FD
:105BBC00FB7803F00F037A681279934201D9012321
:105BCC0040E097F90330002B0EDAFB7803F0070264
:105BDC0013469B001344DB0010337A681344FB60BC
:105BEC00FB6801225A700EE0FB7803F007021346A3
:105BFC009B001344DB0003F5A8737A681344FB6025
:105C0C00FB6800225A70FB6800229A70FB7803F044
:105C1C000703DAB2FB681A707B6893F89032012B99
:105C2C0001D102230EE07B68012283F890227B686D
:105C3C001B68F968184605F0C2F97B68002283F8E6
:105C4C009022002318461037BD4680BD80B596B013
:105C5C0000AF7860BBE37B681B68B3F84430A7F8EF
:105C6C004E30B7F84E30DBB203F00F0387F84D30EF
:105C7C0097F84D30002B40F07581B7F84E3003F09B
:105C8C001003002B4ED17B681B681B889BB223F43E
:105C9C00E14323F07003FB817B681A68FB896FEA90
:105CAC0043436FEA53439BB213807B6810337B658D
:105CBC007B681B68B3F850309BB21A467B6D1B781F
:105CCC00DB00134402335B007A681268134403F55B
:105CDC0080631B88C3F309027B6DDA617B6D5A69A3
:105CEC007B6DDB691A447B6D5A610021786807F083
:105CFC008EF87B685B7BDBB2002B00F068837B6DDE
:105D0C009B69002B40F063837B685B7BDBB263F0A9
:105D1C007F03DAB27B681B68A3F84C207B680022F7
:105D2C005A7354E37B6803F5A8737B657B681B6827
:105D3C001B88A7F84A30B7F84A3003F40063002BED
:105D4C0034D07B681B68B3F850309BB21A467B6D1D
:105D5C001B78DB00134406335B007A68126813442B
:105D6C0003F580631B88C3F309027B6DDA617B68E2
:105D7C0018687B6803F526717B6DDA887B6DDB69AF
:105D8C009BB205F04FFA7B681B681B889AB240F6F1
:105D9C008F7313403B827B681B683A8A42F0800207
:105DAC0092B21A80786807F005F810E3B7F94A3018
:105DBC00002B80F20C837B681B681B889AB240F620
:105DCC008F731340FB837B681B68FA8B42F0800255
:105DDC0092B21A807B681B68B3F850309BB21A469B
:105DEC007B6D1B78DB00134406335B007A6812680A
:105DFC00134403F580631B88C3F309027B6DDA61DE
:105E0C007B6DDB69002B19D07B6D5B69002B15D08A
:105E1C007B6818687B6D59697B6DDA887B6DDB69F3
:105E2C009BB205F0FFF97B6D5A697B6DDB691A44F7
:105E3C007B6D5A610021786806F0CEFF7B681B6889
:105E4C001B88A7F84A30B7F84A3003F40063002BDC
:105E5C0040F0BD82B7F84A3003F44053B3F5405FCD
:105E6C0000F0B5827B681B68BB617B681B68B3F86C
:105E7C0050309BB21A46BB691344BB61BB6903F239
:105E8C000C437B617B691B889BB2C3F309039AB2F9
:105E9C007B691A807B6D1B693E2B1DD97B6D1B6941
:105EAC005B097B647B6D1B6903F01F03002B02D124
:105EBC007B6C013B7B647B691B889AB27B6C9BB2CD
:105ECC009B029BB213439BB26FEA43436FEA53436B
:105EDC009AB27B691A8026E07B6D1B69002B0AD174
:105EEC007B691B889BB26FEA43436FEA53439AB2B8
:105EFC007B691A8017E07B6D1B695B087B647B6D8B
:105F0C001B6903F00103002B02D07B6C01337B6413
:105F1C007B691B889AB27B6C9BB29B029BB213432E
:105F2C009AB27B691A807B681B681B889BB223F42E
:105F3C00804323F070037B827B8A83F480537B82C3
:105F4C007B8A83F400537B827B681A687B8A43F0DC
:105F5C007F4343F47F0343F4004343F080039BB23D
:105F6C00138034E27B681B681A4697F84D309B000F
:105F7C0013441B88A7F84A30B7F94A30002B80F23B
:105F8C00FC807B681B681A4697F84D309B001344C5
:105F9C001B889AB240F68F731340A7F848307B6881
:105FAC001B681A4697F84D309B001344B7F84820ED
:105FBC0042F0800292B21A8097F84D2013469B0053
:105FCC001344DB0003F5A8737A6813447B657B6D7F
:105FDC001B7B002B25D17B681B68B3F850309BB220
:105FEC001A467B6D1B78DB00134406335B007A6822
:105FFC001268134403F580631B88C3F30903A7F8E5
:10600C005030B7F85030002B00F092807B68186845
:10601C007B6D59697B6DDA88B7F8503005F002F961
:10602C0086E07B6DDB78022B0AD1B7F84A301A4632
:10603C00796D786800F0D9F90346A7F8503077E00D
:10604C007B681B681A467B6D1B789B0013441B886E
:10605C009BB223F4E04323F07003A7F852307B6823
:10606C001B681A467B6D1B789B001A44B7F852309C
:10607C0043F07F4343F47F0343F4004343F0C003F6
:10608C009BB213807B681B681A467B6D1B789B0048
:10609C0013441B889BB203F48043002B24D07B68F1
:1060AC001B68B3F850309BB21A467B6D1B78DB0033
:1060BC00134402335B007A681268134403F580635F
:1060CC001B88C3F30903A7F85030B7F85030002BE6
:1060DC002ED07B6818687B6D59697B6D1A89B7F86F
:1060EC00503005F09FF823E07B681B68B3F8503004
:1060FC009BB21A467B6D1B78DB00134406335B00A6
:10610C007A681268134403F580631B88C3F3090390
:10611C00A7F85030B7F85030002B09D07B681868BE
:10612C007B6D59697B6D5A89B7F8503005F07AF858
:10613C007B6DDA69B7F850301A447B6DDA617B6D90
:10614C005A69B7F850301A447B6D5A617B6D9B6964
:10615C00002B05D0B7F850207B6D1B699A4206D2F4
:10616C007B6D1B781946786806F036FE05E07B6877
:10617C001B68796D184603F021FBB7F84A3003F021
:10618C008003002B00F0238197F84D2013469B00D1
:10619C001344DB0010337A6813447B657B681B68FF
:1061AC001A4697F84D309B0013441B889BB223F47E
:1061BC00E14323F07003A7F842307B681B681A4652
:1061CC0097F84D309B001A44B7F842306FEA4343BE
:1061DC006FEA53439BB213807B6DDB78012B40F04D
:1061EC00A2807B6D00229A617B6D1B7B002B00F0E3
:1061FC009380B7F84A3003F04003002B46D07B6DF8
:10620C005B78002B26D17B681B687B627B681B68E4
:10621C00B3F850309BB21A467B6A13447B627B6D99
:10622C001B781A017B6A134403F204433B623B6AFA
:10623C001B889BB2C3F309039AB23B6A1A803B6A70
:10624C001B889BB26FEA43436FEA53439AB23B6A93
:10625C001A8061E07B6D5B78012B5DD17B681B68DC
:10626C00FB627B681B68B3F850309BB21A46FB6A22
:10627C001344FB627B6D1B781A01FB6A134403F217
:10628C000443BB62BB6A00221A8045E07B681B6832
:10629C00FB637B6D5B78002B26D17B681B687B6373
:1062AC007B681B68B3F850309BB21A467B6B134467
:1062BC007B637B6D1B781A017B6B134403F20C43DD
:1062CC003B633B6B1B889BB2C3F309039AB23B6BDA
:1062DC001A803B6B1B889BB26FEA43436FEA5343B4
:1062EC009AB23B6B1A8017E07B6D5B78012B13D154
:1062FC007B681B68B3F850309BB21A46FB6B134497
:10630C00FB637B6D1B781A01FB6B134403F20C438C
:10631C00BB63BB6B00221A807B6D1B7819467868B7
:10632C0006F075FD53E0B7F84A3003F48073002B88
:10633C0046D17B681B68B3F850309BB21A467B6D14
:10634C001B78DB00134402335B007A681268134439
:10635C0003F580631B88C3F30903A7F840307B6DFA
:10636C009A69B7F840309A4207D97B6D9A69B7F8A9
:10637C004030D21A7B6D9A6102E07B6D00229A61EB
:10638C007B6D9B69002B06D17B6D1B781946786859
:10639C0006F03DFD1BE07B6D5A69B7F840301A449E
:1063AC007B6D5A617B6DDA69B7F840301A447B6DAE
:1063BC00DA617B681B68796D184603F0FFF906E01B
:1063CC00B7F84A301A46796D786800F01BF97B688B
:1063DC001B68B3F844309BB21BB2002BFFF63BACEE
:1063EC00002318465837BD4680BD80B588B000AF35
:1063FC00F860B9601346FB80FB8803F48043002BE4
:10640C007ED0FB681B68B3F850309BB21A46BB6851
:10641C001B78DB00134402335B00FA6812681344E8
:10642C0003F580631B88C3F309037B83BB689A69FC
:10643C007B8B9A4206D3BB689A697B8BD21ABB685A
:10644C009A6102E0BB6800229A61BB689B69002BD1
:10645C0023D1FB681B681A46BB681B789B0013444E
:10646C001B889BB223F4804323F070033B833B8B4C
:10647C0083F400533B83FB681B681A46BB681B788C
:10648C009B001A443B8B43F07F4343F47F0343F45C
:10649C00004343F080039BB21380FB8803F040035E
:1064AC00002B1FD0FB681B681A46BB681B789B002F
:1064BC0013441B889BB223F4E04323F07003FB824C
:1064CC00FB681B681A46BB681B789B001A44FB8A46
:1064DC0043F07F4343F47F0343F4004343F0C00392
:1064EC009BB213807B8B002B00F08780FB681868B5
:1064FC00BB685969BB681A897B8B04F093FE7CE0FE
:10650C00FB681B68B3F850309BB21A46BB681B780B
:10651C00DB00134406335B00FA681268134403F57E
:10652C0080631B88C3F309037B83BB689A697B8BED
:10653C009A4206D3BB689A697B8BD21ABB689A6164
:10654C0002E0BB6800229A61BB689B69002B23D1D7
:10655C00FB681B681A46BB681B789B0013441B889E
:10656C009BB223F4804323F07003FB83FB8B83F4F7
:10657C000053FB83FB681B681A46BB681B789B00A7
:10658C001A44FB8B43F07F4343F47F0343F40043F3
:10659C0043F080039BB21380FB8803F04003002B75
:1065AC001FD1FB681B681A46BB681B789B00134401
:1065BC001B889BB223F4E04323F07003BB83FB687E
:1065CC001B681A46BB681B789B001A44BB8B43F0B4
:1065DC007F4343F47F0343F4004343F0C0039BB277
:1065EC0013807B8B002B08D0FB681868BB6859693B
:1065FC00BB685A897B8B04F015FE7B8B18462037C1
:10660C00BD4680BD80B5A4B000AFF860B96013463C
:10661C00FB80FB8803F04003002B00F0DD81FB685E
:10662C001B68B3F850309BB21A46BB681B78DB0072
:10663C00134402335B00FA681268134403F5806359
:10664C001B88C3F30903A7F88630BB689A69B7F8AF
:10665C0086309A4207D9BB689A69B7F88630D21A45
:10666C00BB689A6102E0BB6800229A61BB689B69B7
:10667C00002B40F0B980BB685B78002B26D1FB68FF
:10668C001B68FB62FB681B68B3F850309BB21A4660
:10669C00FB6A1344FB62BB681B781A01FB6A134448
:1066AC0003F20443BB62BB6A1B889BB2C3F30903AE
:1066BC009AB2BB6A1A80BB6A1B889BB26FEA4343CF
:1066CC006FEA53439AB2BB6A1A801AE0BB685B78D4
:1066DC00012B16D1FB681B687B63FB681B68B3F846
:1066EC0050309BB21A467B6B13447B63BB681B78A0
:1066FC001A017B6B134403F204433B633B6B002294
:10670C001A80FB681B687B62BB685B78002B26D108
:10671C00FB681B68FB61FB681B68B3F850309BB2CD
:10672C001A46FB691344FB61BB681B781A01FB69B1
:10673C00134403F20C43BB61BB691B889BB2C3F3CC
:10674C0009039AB2BB691A80BB691B889BB26FEABA
:10675C0043436FEA53439AB2BB691A8017E0BB6894
:10676C005B78012B13D1FB681B68B3F850309BB2DC
:10677C001A467B6A13447B62BB681B781A017B6ADE
:10678C00134403F20C433B623B6A00221A80BB6841
:10679C001B781946F86806F03AFBFB8803F4804333
:1067AC00002B00F0FC82FB681B681A46BB681B7848
:1067BC009B0013441B889BB223F4E04323F070032B
:1067CC00FB82FB681B681A46BB681B789B001A444B
:1067DC00FB8A43F07F4343F47F0343F4404343F08D
:1067EC0080039BB21380DAE2FB8803F48043002B16
:1067FC0021D0FB681B681A46BB681B789B001344AE
:10680C001B889BB223F4E04323F07003A7F88A3073
:10681C00FB681B681A46BB681B789B001A44B7F8C8
:10682C008A3043F07F4343F47F0343F4404343F007
:10683C0080039BB21380BB6893F82430012B40F08B
:10684C00AE82BB685A69B7F886301A44BB685A6185
:10685C00BB68DA69B7F886301A44BB68DA61BB6882
:10686C001A6ABB681B699A420BD3BB681B69C7F8D1
:10687C008C30BB681A6AD7F88C30D21ABB681A6293
:10688C0017E0BB681B6A002B08D1B7F88630C7F835
:10689C008C30BB68002283F824200AE0BB680022FD
:1068AC0083F82420BB681B6AC7F88C30BB680022B5
:1068BC001A62BB685B78002B65D1FB681B68FB63B5
:1068CC00FB681B68B3F850309BB21A46FB6B134441
:1068DC00FB63BB681B781A01FB6B134403F2044384
:1068EC00BB63BB6B1B889BB2C3F309039AB2BB6B34
:1068FC001A80D7F88C303E2B1DD9D7F88C305B0919
:10690C00BB64D7F88C3003F01F03002B02D1BB6C97
:10691C00013BBB64BB6B1B889AB2BB6C9BB29B02EA
:10692C009BB213439BB26FEA43436FEA53439AB251
:10693C00BB6B1A8044E0D7F88C30002B0AD1BB6BB0
:10694C001B889BB26FEA43436FEA53439AB2BB6B0B
:10695C001A8035E0D7F88C305B08BB64D7F88C30E4
:10696C0003F00103002B02D0BB6C0133BB64BB6B87
:10697C001B889AB2BB6C9BB29B029BB213439AB21C
:10698C00BB6B1A801CE0BB685B78012B18D1FB68D1
:10699C001B687B64FB681B68B3F850309BB21A46CB
:1069AC007B6C13447B64BB681B781A017B6C1344AF
:1069BC0003F204433B64D7F88C309AB23B6C1A80D8
:1069CC00FB681868BB685969BB681A89D7F88C30A2
:1069DC009BB204F0E2FBE2E1FB681B68B3F85030B9
:1069EC009BB21A46BB681B78DB00134406335B0072
:1069FC00FA681268134403F580631B88C3F3090318
:106A0C00A7F88630BB689A69B7F886309A4207D3E4
:106A1C00BB689A69B7F88630D21ABB689A6102E0F3
:106A2C00BB6800229A61BB689B69002B40F0C08058
:106A3C00BB685B78002B26D1FB681B68FB67FB6887
:106A4C001B68B3F850309BB21A46FB6F1344FB67BC
:106A5C00BB681B781A01FB6F134403F20443BB673A
:106A6C00BB6F1B889BB2C3F309039AB2BB6F1A802E
:106A7C00BB6F1B889BB26FEA43436FEA53439AB2D6
:106A8C00BB6F1A801AE0BB685B78012B16D1FB68D0
:106A9C001B687B66FB681B68B3F850309BB21A46C8
:106AAC007B6E13447B66BB681B781A017B6E1344A8
:106ABC0003F204433B663B6E00221A80FB681B68A2
:106ACC007B67BB685B78002B2BD1FB681B68FB6674
:106ADC00FB681B68B3F850309BB21A46FB6E13442C
:106AEC00FB66BB681B781A01FB6E134403F20C4364
:106AFC00C7F88030D7F880301B889BB2C3F30903EA
:106B0C009AB2D7F880301A80D7F880301B889BB2A5
:106B1C006FEA43436FEA53439AB2D7F880301A8036
:106B2C0017E0BB685B78012B13D1FB681B68B3F8CB
:106B3C0050309BB21A467B6F13447B67BB681B7843
:106B4C001A017B6F134403F20C433B673B6F00222B
:106B5C001A80BB681B781946F86806F058F9FB8850
:106B6C0003F48043002B40F01A81FB681B681A4623
:106B7C00BB681B789B0013441B889BB223F4E04337
:106B8C0023F07003A7F88830FB681B681A46BB68B3
:106B9C001B789B001A44B7F8883043F07F4343F4CA
:106BAC007F0343F4404343F080039BB21380F6E031
:106BBC00FB8803F48043002B21D1FB681B681A4629
:106BCC00BB681B789B0013441B889BB223F4E043E7
:106BDC0023F07003A7F84E30FB681B681A46BB689D
:106BEC001B789B001A44B7F84E3043F07F4343F4B4
:106BFC007F0343F4404343F080039BB21380BB6894
:106C0C0093F82430012B40F0CA80BB685A69B7F85E
:106C1C0086301A44BB685A61BB68DA69B7F88630AB
:106C2C001A44BB68DA61BB681A6ABB681B699A4272
:106C3C000BD3BB681B69C7F88C30BB681A6AD7F8D2
:106C4C008C30D21ABB681A6217E0BB681B6A002B27
:106C5C0008D1B7F88630C7F88C30BB68002283F8AF
:106C6C0024200AE0BB681B6AC7F88C30BB68002282
:106C7C001A62BB68002283F82420FB681B687B65C2
:106C8C00BB685B78002B65D1FB681B68FB65FB68F8
:106C9C001B68B3F850309BB21A46FB6D1344FB656E
:106CAC00BB681B781A01FB6D134403F20C43BB65E4
:106CBC00BB6D1B889BB2C3F309039AB2BB6D1A80E0
:106CCC00D7F88C303E2B1DD9D7F88C305B09BB66BE
:106CDC00D7F88C3003F01F03002B02D1BB6E013BA5
:106CEC00BB66BB6D1B889AB2BB6E9BB29B029BB200
:106CFC0013439BB26FEA43436FEA53439AB2BB6DA3
:106D0C001A8041E0D7F88C30002B0AD1BB6D1B8860
:106D1C009BB26FEA43436FEA53439AB2BB6D1A803E
:106D2C0032E0D7F88C305B08BB66D7F88C3003F0B8
:106D3C000103002B02D0BB6E0133BB66BB6D1B88FD
:106D4C009AB2BB6E9BB29B029BB213439AB2BB6DC1
:106D5C001A8019E0BB685B78012B15D1FB681B68A6
:106D6C00B3F850309BB21A467B6D13447B65BB68FD
:106D7C001B781A017B6D134403F20C433B65D7F867
:106D8C008C309AB23B6D1A80FB681868BB685969E5
:106D9C00BB685A89D7F88C309BB204F0FEF9FB68BB
:106DAC001B681A46BB681B789B0013441B889BB25C
:106DBC0023F4E04323F04003BB82BB8A83F010032F
:106DCC00BB82BB8A83F02003BB82FB681B681A461C
:106DDC00BB681B789B001A44BB8A43F07F4343F487
:106DEC007F0343F4004343F080039BB213800023E2
:106DFC0018469037BD4680BD80B487B000AFF860B0
:106E0C007B600B467B8113463B817B8903F08003BF
:106E1C009BB2002B0BD07B8903F0070213469B001F
:106E2C001344DB001033FA6813447B6109E07A8960
:106E3C0013469B001344DB0003F5A873FA68134454
:106E4C007B613B89002B07D17B6900221A737B681D
:106E5C009AB27B69DA800BE07B6901221A737B683A
:106E6C009AB27B691A817B681B0C9AB27B695A8136
:106E7C00002318461C37BD4680BC704780B586B0D1
:106E8C0000AF78607B68002B01D1012372E27B6834
:106E9C001B6803F00103002B00F08780924B5B68AA
:106EAC0003F00C03042B0CD08F4B5B6803F00C032A
:106EBC00082B12D18C4B5B6803F48033B3F5803F05
:106ECC000BD1894B1B6803F40033002B6CD07B680F
:106EDC005B68002B68D101234CE27B685B68B3F5DF
:106EEC00803F06D1804B1B687F4A43F4803313608C
:106EFC002EE07B685B68002B0CD17B4B1B687A4ABD
:106F0C0023F480331360784B1B68774A23F4802377
:106F1C0013601DE07B685B68B3F5A02F0CD1724B3E
:106F2C001B68714A43F4802313606F4B1B686E4AD5
:106F3C0043F4803313600BE06B4B1B686A4A23F4F9
:106F4C0080331360684B1B68674A23F480231360FB
:106F5C007B685B68002B13D0FBF7A8F8386108E05E
:106F6C00FBF7A4F802463B69D31A642B01D903231F
:106F7C0000E25D4B1B6803F40033002BF0D014E0EF
:106F8C00FBF794F8386108E0FBF790F802463B6990
:106F9C00D31A642B01D90323ECE1534B1B6803F484
:106FAC000033002BF0D100E000BF7B681B6803F0BE
:106FBC000203002B63D04C4B5B6803F00C03002BDB
:106FCC000BD0494B5B6803F00C03082B1CD1464BD0
:106FDC005B6803F48033002B16D1434B1B6803F022
:106FEC000203002B05D07B681B69012B01D0012308
:106FFC00C0E13D4B1B6823F0F8027B685B69DB004A
:10700C00394913430B603AE07B681B69002B20D095
:10701C00364B01221A60FBF749F8386108E0FBF7A0
:10702C0045F802463B69D31A022B01D90323A1E18F
:10703C002D4B1B6803F00203002BF0D02A4B1B686E
:10704C0023F0F8027B685B69DB00274913430B6074
:10705C0015E0264B00221A60FBF728F8386108E08F
:10706C00FBF724F802463B69D31A022B01D9032300
:10707C0080E11D4B1B6803F00203002BF0D17B68F1
:10708C001B6803F00803002B3AD07B689B69002B2C
:10709C0019D0174B01221A60FBF708F8386108E089
:1070AC00FBF704F802463B69D31A022B01D90323E0
:1070BC0060E10D4B5B6A03F00203002BF0D0012062
:1070CC0000F0CEFA1CE00A4B00221A60FAF7EEFF31
:1070DC0038610FE0FAF7EAFF02463B69D31A022B3C
:1070EC0008D9032346E100BF0010024000004242D1
:1070FC0080044242924B5B6A03F00203002BE9D1FD
:10710C007B681B6803F00403002B00F0A6800023AF
:10711C00FB758B4BDB6903F08053002B0DD1884B37
:10712C00DB69874A43F08053D361854BDB6903F0FD
:10713C008053BB60BB680123FB75824B1B6803F457
:10714C008073002B18D17F4B1B687E4A43F48073ED
:10715C001360FAF7ABFF386108E0FAF7A7FF0246B5
:10716C003B69D31A642B01D9032303E1754B1B68CC
:10717C0003F48073002BF0D07B68DB68012B06D105
:10718C006F4B1B6A6E4A43F0010313622DE07B6860
:10719C00DB68002B0CD16A4B1B6A694A23F0010394
:1071AC001362674B1B6A664A23F0040313621CE0EC
:1071BC007B68DB68052B0CD1614B1B6A604A43F082
:1071CC00040313625E4B1B6A5D4A43F001031362B6
:1071DC000BE05B4B1B6A5A4A23F001031362584BBA
:1071EC001B6A574A23F0040313627B68DB68002B8D
:1071FC0015D0FAF75BFF38610AE0FAF757FF024641
:10720C003B69D31A41F28832934201D90323B1E08E
:10721C004B4B1B6A03F00203002BEED014E0FAF781
:10722C0045FF38610AE0FAF741FF02463B69D31A81
:10723C0041F28832934201D903239BE0404B1B6AF5
:10724C0003F00203002BEED1FB7D012B05D13C4B4F
:10725C00DB693B4A23F08053D3617B68DB69002BED
:10726C0000F08780364B5B6803F00C03082B61D071
:10727C007B68DB69022B46D1334B00221A60FAF78C
:10728C0015FF386108E0FAF711FF02463B69D31A83
:10729C00022B01D903236DE0294B1B6803F000730B
:1072AC00002BF0D17B681B6AB3F5803F08D1244BCF
:1072BC005B6823F400327B689B68214913434B6065
:1072CC001F4B5B6823F474127B68196A7B685B6ADA
:1072DC000B431B4913434B601B4B01221A60FAF7FB
:1072EC00E5FE386108E0FAF7E1FE02463B69D31A85
:1072FC00022B01D903233DE0114B1B6803F00073F3
:10730C00002BF0D035E0104B00221A60FAF7CEFEBD
:10731C00386108E0FAF7CAFE02463B69D31A022B21
:10732C0001D9032326E0064B1B6803F00073002BE6
:10733C00F0D11EE07B68DB69012B07D1012319E03A
:10734C000010024000700040600042420B4B5B6832
:10735C00FB60FB6803F480327B681B6A9A4206D19F
:10736C00FB6803F470127B685B6A9A4201D00123BC
:10737C0000E0002318461837BD4680BD00100240BF
:10738C0080B584B000AF786039607B68002B01D188
:10739C000123D0E06A4B1B6803F007033A689A425A
:1073AC0010D9674B1B6823F0070265493B681343F0
:1073BC000B60634B1B6803F007033A689A4201D0D9
:1073CC000123B8E07B681B6803F00203002B20D07C
:1073DC007B681B6803F00403002B05D0594B5B68DA
:1073EC00584A43F4E06353607B681B6803F008035E
:1073FC00002B05D0534B5B68524A43F460535360E7
:10740C00504B5B6823F0F0027B689B684D4913433B
:10741C004B607B681B6803F00103002B40D07B683A
:10742C005B68012B07D1474B1B6803F40033002B1F
:10743C0015D101237FE07B685B68022B07D1414BA0
:10744C001B6803F00073002B09D1012373E03D4B43
:10745C001B6803F00203002B01D101236BE0394BB5
:10746C005B6823F003027B685B68364913434B600F
:10747C00FAF71CFEF8600AE0FAF718FE0246FB6801
:10748C00D31A41F28832934201D9032353E02D4B96
:10749C005B6803F00C027B685B689B009A42EBD143
:1074AC00274B1B6803F007033A689A4210D2244B0F
:1074BC001B6823F0070222493B6813430B60204BE7
:1074CC001B6803F007033A689A4201D0012332E0AB
:1074DC007B681B6803F00403002B08D0194B5B6816
:1074EC0023F4E0627B68DB68164913434B607B68CE
:1074FC001B6803F00803002B09D0124B5B6823F4C4
:10750C0060527B681B69DB000E4913434B6000F033
:10751C0021F802460B4B5B681B0903F00F030A4969
:10752C00CB5C22FA03F3094A1360094B1B6818461B
:10753C00FAF77AFD002318461037BD4680BD00BF10
:10754C000020024000100240D8DE00080400002099
:10755C000800002080B487B000AF0023FB6000233C
:10756C00BB6000237B6100237B6000233B611E4BCF
:10757C005B68FB60FB6803F00C03042B02D0082B48
:10758C0003D027E0194B3B6127E0FB689B0C03F011
:10759C000F03174AD35C7B60FB6803F48033002B2A
:1075AC0010D0114B5B685B0C03F00103114AD35CE8
:1075BC00BB607B680D4A03FB02F2BB68B2FBF3F3C2
:1075CC007B6104E07B680C4A02FB03F37B617B6903
:1075DC003B6102E0054B3B6100BF3B6918461C3721
:1075EC00BD4680BC704700BF0010024000127A00FC
:1075FC00F0DE000800DF000800093D0080B400AF99
:10760C00024B1B681846BD4680BC70470400002026
:10761C0080B500AFFFF7F2FF0246054B5B681B0A13
:10762C0003F007030349CB5C22FA03F3184680BD31
:10763C0000100240E8DE000880B500AFFFF7DEFF67
:10764C000246054B5B68DB0A03F007030349CB5C7E
:10765C0022FA03F3184680BD00100240E8DE000851
:10766C0080B485B000AF78600A4B1B680A4AA2FB55
:10767C0003235B0A7A6802FB03F3FB6000BFFB6821
:10768C005A1EFA60002BF9D100BF00BF1437BD465B
:10769C0080BC704704000020D34D621080B586B0CA
:1076AC0000AF786000233B610023FB607B681B68A4
:1076BC0003F00103002B7DD00023FB754F4BDB69DE
:1076CC0003F08053002B0DD14C4BDB694B4A43F03C
:1076DC008053D361494BDB6903F08053BB60BB68BB
:1076EC000123FB75464B1B6803F48073002B18D1E8
:1076FC00434B1B68424A43F480731360FAF7D6FC81
:10770C00386108E0FAF7D2FC02463B69D31A642BC5
:10771C0001D903236DE03A4B1B6803F48073002BF3
:10772C00F0D0364B1B6A03F44073FB60FB68002BF4
:10773C002ED07B685B6803F44073FA689A4227D0BA
:10774C002E4B1B6A23F44073FB602E4B01221A60F4
:10775C002C4B00221A60294AFB681362FB6803F069
:10776C000103002B14D0FAF7A1FC38610AE0FAF7F8
:10777C009DFC02463B69D31A41F28832934201D9EF
:10778C00032336E01D4B1B6A03F00203002BEED0E3
:10779C001A4B1B6A23F440727B685B6817491343CE
:1077AC000B62FB7D012B05D1144BDB69134A23F0D3
:1077BC008053D3617B681B6803F00203002B08D055
:1077CC000E4B5B6823F440427B689B680B49134368
:1077DC004B607B681B6803F01003002B08D0074B31
:1077EC005B6823F480027B68DB68044913434B60BD
:1077FC00002318461837BD4680BD00BF001002405C
:10780C00007000404004424280B582B000AF786006
:10781C007B68002B01D1012341E07B6893F83D305C
:10782C00DBB2002B06D17B68002283F83C20786801
:10783C00FAF742F97B68022283F83D207B681A68CC
:10784C007B6804331946104600F010FC7B6801225B
:10785C0083F846207B68012283F83E207B68012256
:10786C0083F83F207B68012283F840207B6801224B
:10787C0083F841207B68012283F842207B68012237
:10788C0083F843207B68012283F844207B68012223
:10789C0083F845207B68012283F83D20002318469D
:1078AC000837BD4680BD000080B485B000AF78605D
:1078BC007B6893F83D30DBB2012B01D001233AE019
:1078CC007B68022283F83D207B681B68DA687B6842
:1078DC001B6842F00102DA607B681B68184A93420D
:1078EC000ED07B681B68B3F1804F09D07B681B6896
:1078FC00144A934204D07B681B68134A934211D1FB
:10790C007B681B689B6803F00703FB60FB68062B16
:10791C0010D07B681B681A687B681B6842F00102F8
:10792C001A6007E07B681B681A687B681B6842F06A
:10793C0001021A60002318461437BD4680BC7047FC
:10794C00002C0140000400400008004080B582B0CB
:10795C0000AF78607B68002B01D1012341E07B688C
:10796C0093F83D30DBB2002B06D17B68002283F804
:10797C003C207868FAF7C6F87B68022283F83D2031
:10798C007B681A687B6804331946104600F06EFB5E
:10799C007B68012283F846207B68012283F83E2015
:1079AC007B68012283F83F207B68012283F840200A
:1079BC007B68012283F841207B68012283F84220F6
:1079CC007B68012283F843207B68012283F84420E2
:1079DC007B68012283F845207B68012283F83D20D7
:1079EC00002318460837BD4680BD000080B584B022
:1079FC0000AF786039603B68002B09D17B6893F845
:107A0C003E30DBB2012B14BF01230023DBB222E09A
:107A1C003B68042B09D17B6893F83F30DBB2012B18
:107A2C0014BF01230023DBB215E03B68082B09D1FE
:107A3C007B6893F84030DBB2012B14BF0123002389
:107A4C00DBB208E07B6893F84130DBB2012B14BF4A
:107A5C0001230023DBB2002B01D001235EE03B6845
:107A6C00002B04D17B68022283F83E2013E03B6894
:107A7C00042B04D17B68022283F83F200BE03B6887
:107A8C00082B04D17B68022283F8402003E07B683A
:107A9C00022283F841207B681B6801223968184652
:107AAC0000F070FD7B681B681E4A934207D17B680F
:107ABC001B685A6C7B681B6842F400425A647B68F2
:107ACC001B68184A93420ED07B681B68B3F1804F39
:107ADC0009D07B681B68144A934204D07B681B68EE
:107AEC00124A934211D17B681B689B6803F0070311
:107AFC00FB60FB68062B10D07B681B681A687B68E0
:107B0C001B6842F001021A6007E07B681B681A6868
:107B1C007B681B6842F001021A600023184610377C
:107B2C00BD4680BD002C0140000400400008004010
:107B3C0080B584B000AF78607B681B68DB68FB6045
:107B4C007B681B681B69BB60BB6803F00203002BDE
:107B5C0020D0FB6803F00203002B1BD07B681B6852
:107B6C006FF002021A617B6801221A777B681B682E
:107B7C009B6903F00303002B03D0786800F05AFADA
:107B8C0005E0786800F04DFA786800F05CFA7B68E4
:107B9C0000221A77BB6803F00403002B20D0FB688B
:107BAC0003F00403002B1BD07B681B686FF00402EE
:107BBC001A617B6802221A777B681B689B6903F445
:107BCC004073002B03D0786800F034FA05E0786835
:107BDC0000F027FA786800F036FA7B6800221A77F2
:107BEC00BB6803F00803002B20D0FB6803F00803EC
:107BFC00002B1BD07B681B686FF008021A617B6836
:107C0C0004221A777B681B68DB6903F00303002BE3
:107C1C0003D0786800F00EFA05E0786800F001FAFD
:107C2C00786800F010FA7B6800221A77BB6803F0C2
:107C3C001003002B20D0FB6803F01003002B1BD08B
:107C4C007B681B686FF010021A617B6808221A7738
:107C5C007B681B68DB6903F44073002B03D07868E6
:107C6C0000F0E8F905E0786800F0DBF9786800F0DE
:107C7C00EAF97B6800221A77BB6803F00103002B3A
:107C8C000CD0FB6803F00103002B07D07B681B684A
:107C9C006FF001021A617868F9F740F8BB6803F0DD
:107CAC008003002B0CD0FB6803F08003002B07D063
:107CBC007B681B686FF080021A61786800F03EFDEB
:107CCC00BB6803F04003002B0CD0FB6803F04003AF
:107CDC00002B07D07B681B686FF040021A61786834
:107CEC0000F0BAF9BB6803F02003002B0CD0FB6842
:107CFC0003F02003002B07D07B681B686FF0200279
:107D0C001A61786800F011FD00BF1037BD4680BDC8
:107D1C0080B586B000AFF860B9607A600023FB755F
:107D2C00FB6893F83C30012B01D10223AEE0FB68D9
:107D3C00012283F83C207B680C2B00F29F8001A26F
:107D4C0052F823F0857D0008897E0008897E0008A2
:107D5C00897E0008C57D0008897E0008897E0008A0
:107D6C00897E0008077E0008897E0008897E00084D
:107D7C00897E0008477E0008FB681B68B9681846B6
:107D8C0000F0E2F9FB681B689A69FB681B6842F01B
:107D9C0008029A61FB681B689A69FB681B6822F0F1
:107DAC0004029A61FB681B689969BB681A69FB68D5
:107DBC001B680A439A6164E0FB681B68B968184643
:107DCC0000F028FAFB681B689A69FB681B6842F490
:107DDC0000629A61FB681B689A69FB681B6822F455
:107DEC0080629A61FB681B689969BB681B691A02FF
:107DFC00FB681B680A439A6143E0FB681B68B9681F
:107E0C00184600F071FAFB681B68DA69FB681B689E
:107E1C0042F00802DA61FB681B68DA69FB681B68D0
:107E2C0022F00402DA61FB681B68D969BB681A6925
:107E3C00FB681B680A43DA6123E0FB681B68B968BE
:107E4C00184600F0BBFAFB681B68DA69FB681B6814
:107E5C0042F40062DA61FB681B68DA69FB681B6834
:107E6C0022F48062DA61FB681B68D969BB681B6904
:107E7C001A02FB681B680A43DA6102E00123FB75F6
:107E8C0000BFFB68002283F83C20FB7D18461837A6
:107E9C00BD4680BD80B584B000AF786039600023EA
:107EAC00FB737B6893F83C30012B01D10223B4E0C7
:107EBC007B68012283F83C207B68022283F83D20FA
:107ECC007B681B689B68BB60BB6823F07703BB6057
:107EDC00BB6823F47F43BB607B681B68BA689A60FD
:107EEC003B681B68B3F5005F3ED0B3F5005F00F252
:107EFC008780B3F5805F00F08680B3F5805F7FD814
:107F0C00702B1AD0702B7BD8602B50D0602B77D86D
:107F1C00502B3CD0502B73D8402B58D0402B6FD8C3
:107F2C00302B64D0302B6BD8202B60D0202B67D813
:107F3C00002B5CD0102B5AD062E07B6818683B6831
:107F4C0099683B685A683B68DB6800F0FCFA7B6810
:107F5C001B689B68BB60BB6843F07703BB607B68A6
:107F6C001B68BA689A604FE07B6818683B68996830
:107F7C003B685A683B68DB6800F0E5FA7B681B6875
:107F8C009A687B681B6842F480429A603CE07B688C
:107F9C0018683B6859683B68DB681A4600F05CFA65
:107FAC007B681B685021184600F0B3FA2CE07B6804
:107FBC0018683B6859683B68DB681A4600F07AFA27
:107FCC007B681B686021184600F0A3FA1CE07B68F4
:107FDC0018683B6859683B68DB681A4600F03CFA45
:107FEC007B681B684021184600F093FA0CE07B6814
:107FFC001A683B681B681946104600F08AFA03E0C1
:10800C000123FB7300E000BF7B68012283F83D2055
:10801C007B68002283F83C20FB7B18461037BD465A
:10802C0080BD80B483B000AF786000BF0C37BD4614
:10803C0080BC704780B483B000AF786000BF0C3751
:10804C00BD4680BC704780B483B000AF786000BF81
:10805C000C37BD4680BC704780B483B000AF7860ED
:10806C0000BF0C37BD4680BC7047000080B485B0A3
:10807C0000AF786039607B681B68FB607B682F4AB7
:10808C0093420BD07B68B3F1804F07D07B682C4AAE
:10809C00934203D07B682B4A934208D1FB6823F0B0
:1080AC007003FB603B685B68FA681343FB607B689A
:1080BC00224A93420BD07B68B3F1804F07D07B6888
:1080CC001F4A934203D07B681E4A934208D1FB6837
:1080DC0023F44073FB603B68DB68FA681343FB6076
:1080EC00FB6823F080023B685B691343FB607B6891
:1080FC00FA681A603B689A687B68DA623B681A68AF
:10810C007B689A627B680D4A934203D13B681A697B
:10811C007B681A637B6801225A617B681B6903F0D8
:10812C000103002B05D07B681B6923F001027B68DF
:10813C001A6100BF1437BD4680BC7047002C01404B
:10814C00000400400008004080B487B000AF7860A5
:10815C0039607B681B6A7B617B681B6A23F00102B8
:10816C007B681A627B685B683B617B689B69FB6020
:10817C00FB6823F07003FB60FB6823F00303FB60D8
:10818C003B681B68FA681343FB607B6923F00203AE
:10819C007B613B689B687A6913437B617B681C4AF3
:1081AC0093420CD17B6923F008037B613B68DB684D
:1081BC007A6913437B617B6923F004037B617B68E1
:1081CC00134A934211D13B6923F480733B613B69A1
:1081DC0023F400733B613B685B693A6913433B6171
:1081EC003B689B693A6913433B617B683A695A6007
:1081FC007B68FA689A613B685A687B685A637B684B
:10820C007A691A6200BF1C37BD4680BC704700BF3C
:10821C00002C014080B487B000AF786039607B6877
:10822C001B6A7B617B681B6A23F010027B681A62F5
:10823C007B685B683B617B689B69FB60FB6823F434
:10824C00E043FB60FB6823F44073FB603B681B68F6
:10825C001B02FA681343FB607B6923F020037B61EC
:10826C003B689B681B017A6913437B617B681D4AE1
:10827C0093420DD17B6923F080037B613B68DB6803
:10828C001B017A6913437B617B6923F040037B619B
:10829C007B68144A934213D13B6923F480633B619E
:1082AC003B6923F400633B613B685B699B003A6963
:1082BC0013433B613B689B699B003A6913433B61E9
:1082CC007B683A695A607B68FA689A613B685A68BD
:1082DC007B689A637B687A691A6200BF1C37BD465B
:1082EC0080BC7047002C014080B487B000AF786030
:1082FC0039607B681B6A7B617B681B6A23F4807224
:10830C007B681A627B685B683B617B68DB69FB603E
:10831C00FB6823F07003FB60FB6823F00303FB6036
:10832C003B681B68FA681343FB607B6923F400739A
:10833C007B613B689B681B027A6913437B617B689A
:10834C001D4A93420DD17B6923F400637B613B682A
:10835C00DB681B027A6913437B617B6923F48063BE
:10836C007B617B68144A934213D13B6923F480539D
:10837C003B613B6923F400533B613B685B691B0128
:10838C003A6913433B613B689B691B013A69134390
:10839C003B617B683A695A607B68FA68DA613B68D2
:1083AC005A687B68DA637B687A691A6200BF1C378B
:1083BC00BD4680BC704700BF002C014080B487B024
:1083CC0000AF786039607B681B6A3B617B681B6A15
:1083DC0023F480527B681A627B685B687B617B68E4
:1083EC00DB69FB60FB6823F4E043FB60FB6823F470
:1083FC004073FB603B681B681B02FA681343FB600D
:10840C003B6923F400533B613B689B681B033A694F
:10841C0013433B617B680F4A934209D17B6923F478
:10842C0080437B613B685B699B017A6913437B6189
:10843C007B687A695A607B68FA68DA613B685A68CB
:10844C007B681A647B683A691A6200BF1C37BD46A8
:10845C0080BC7047002C014080B487B000AFF8603E
:10846C00B9607A60FB681B6A7B61FB681B6A23F04E
:10847C000102FB681A62FB689B693B613B6923F054
:10848C00F0033B617B681B013A6913433B617B69D9
:10849C0023F00A037B617A69BB6813437B61FB6839
:1084AC003A699A61FB687A691A6200BF1C37BD464B
:1084BC0080BC704780B487B000AFF860B9607A6058
:1084CC00FB681B6A7B61FB681B6A23F01002FB686C
:1084DC001A62FB689B693B613B6923F470433B6107
:1084EC007B681B033A6913433B617B6923F0A00350
:1084FC007B61BB681B017A6913437B61FB683A693A
:10850C009A61FB687A691A6200BF1C37BD4680BC51
:10851C00704780B485B000AF786039607B689B6829
:10852C00FB60FB6823F07003FB603A68FB68134345
:10853C0043F00703FB607B68FA689A6000BF14374E
:10854C00BD4680BC704780B487B000AFF860B9609E
:10855C007A603B60FB689B687B617B6923F47F439B
:10856C007B613B681A027B681A43BB6813437A69C8
:10857C0013437B61FB687A699A6000BF1C37BD4668
:10858C0080BC704780B487B000AFF860B9607A6087
:10859C00BB6803F01F03012202FA03F37B61FB6843
:1085AC001A6A7B69DB431A40FB681A62FB681A6A19
:1085BC00BB6803F01F03796801FA03F31A43FB68E5
:1085CC001A6200BF1C37BD4680BC704780B485B0B2
:1085DC0000AF786039607B6893F83C30012B01D197
:1085EC00022346E07B68012283F83C207B68022250
:1085FC0083F83D207B681B685B68FB607B681B68AD
:10860C009B68BB60FB6823F07003FB603B681B68D6
:10861C00FA681343FB607B681B68FA685A607B68D6
:10862C001B68164A93420ED07B681B68B3F1804FCF
:10863C0009D07B681B68124A934204D07B681B6884
:10864C00104A93420CD1BB6823F08003BB603B689B
:10865C005B68BA681343BB607B681B68BA689A6036
:10866C007B68012283F83D207B68002283F83C2044
:10867C00002318461437BD4680BC7047002C0140BF
:10868C00000400400008004080B485B000AF786062
:10869C0039600023FB607B6893F83C30012B01D1DF
:1086AC0002233DE07B68012283F83C20FB6823F029
:1086BC00FF023B68DB681343FB60FB6823F44072EA
:1086CC003B689B681343FB60FB6823F480623B6848
:1086DC005B681343FB60FB6823F400623B681B6818
:1086EC001343FB60FB6823F480523B681B69134304
:1086FC00FB60FB6823F400523B685B691343FB602F
:10870C00FB6823F480423B68DB691343FB607B68A6
:10871C001B68FA685A647B68002283F83C200023AB
:10872C0018461437BD4680BC704780B483B000AF88
:10873C00786000BF0C37BD4680BC704780B483B0F6
:10874C0000AF786000BF0C37BD4680BC704780B569
:10875C0082B000AF78607B68002B01D1012342E02E
:10876C007B6893F84130DBB2002B06D17B6800228A
:10877C0083F840207868F9F7CFFB7B68242283F8D4
:10878C0041207B681B68DA687B681B6822F4005206
:10879C00DA60786800F072F97B681B681A697B688C
:1087AC001B6822F490421A617B681B685A697B68CB
:1087BC001B6822F02A025A617B681B68DA687B68A6
:1087CC001B6842F40052DA607B6800225A647B68B2
:1087DC00202283F841207B68202283F842207B688A
:1087EC0000225A63002318460837BD4680BD80B569
:1087FC008AB002AFF860B9603B601346FB8000237F
:10880C007B61FB6893F84130DBB2202B75D1BB68E0
:10881C00002B02D0FB88002B01D101236EE0FB68FA
:10882C0000225A64FB68212283F84120F9F73EFCB0
:10883C007861FB68FA889A84FB68FA88DA84FB68AA
:10884C009B68B3F5805F08D1FB681B69002B04D1D2
:10885C000023FB61BB68BB6103E0BB68FB610023C9
:10886C00BB612EE03B6800937B6900228021F86895
:10887C0000F048F80346002B05D0FB68202283F853
:10888C00412003233AE0FB69002B0BD1BB691B8809
:10889C001A46FB681B68C2F308025A60BB690233B4
:1088AC00BB6107E0FB691A78FB681B685A60FB69BF
:1088BC000133FB61FB68DB8C9BB2013B9AB2FB681A
:1088CC00DA84FB68DB8C9BB2002BCBD13B6800932A
:1088DC007B6900224021F86800F014F80346002B55
:1088EC0005D0FB68202283F84120032306E0FB68B7
:1088FC00202283F84120002300E002231846203771
:10890C00BD4680BD80B586B000AFF860B9603B60F5
:10891C001346FB713BE03B6AB3F1FF3F37D0F9F7ED
:10892C00C5FB02463B68D31A3A6A9A4202D33B6AA9
:10893C00002B01D103233AE0FB681B68DB6803F0D2
:10894C000403002B23D0BB68802B20D0BB68402BAA
:10895C001DD0FB681B681B6803F00803082B16D19D
:10896C0000237B61FB681B681B687B61FB681B68D1
:10897C005B687B617B69F86800F01DF8FB68082276
:10898C005A64FB68002283F8402001230FE0FB6847
:10899C001B681A68BB681340BA689A420CBF012363
:1089AC000023DBB21A46FB799A42B4D00023184656
:1089BC001837BD4680BD80B495B000AF78607B6839
:1089CC001B680C337B637B6B53E8003F3B633B6B57
:1089DC0023F49073FB647B681B680C33FA6C3A6469
:1089EC00FB63F96B3A6C41E80023BB63BB6B002B58
:1089FC00E5D17B681B6814333B623B6A53E8003F4C
:108A0C00FB61FB6923F00103BB647B681B681433B7
:108A1C00BA6CFA62BB62B96AFA6A41E800237B62FB
:108A2C007B6A002BE5D17B681B6B012B19D17B6812
:108A3C001B680C33FB60FB6853E8003FBB60BB68F2
:108A4C0023F010037B647B681B680C337A6CBA616F
:108A5C007B617969BA6941E800233B613B69002B72
:108A6C00E5D17B68202283F842207B6800221A63C0
:108A7C0000BF5437BD4680BC7047000080B584B041
:108A8C0000AF78607B681B681B6923F440517B68DE
:108A9C00DA687B681B680A431A617B689A687B6892
:108AAC001B691A437B685B691343BB607B681B685B
:108ABC00DB6823F4B05323F00C037A681268B968AE
:108ACC000B43D3607B681B685B6923F440717B6844
:108ADC009A697B681B680A435A617B681B682C4A3D
:108AEC00934203D1FEF7A8FDF86002E0FEF790FD7B
:108AFC00F860FA6813469B0013449A001A447B688A
:108B0C005B689B00B2FBF3F3224AA2FB03235B09D5
:108B1C001901FA6813469B0013449A001A447B68A7
:108B2C005B689B00B2FBF3F21A4BA3FB02035B09DD
:108B3C00642000FB03F3D31A1B013233154AA2FB4A
:108B4C0003235B0903F0F0031944FA6813469B00F6
:108B5C0013449A001A447B685B689B00B2FBF3F2E7
:108B6C000C4BA3FB02035B09642000FB03F3D31A39
:108B7C001B013233074AA2FB03235B0903F00F02EC
:108B8C007B681B680A449A6000BF1037BD4680BDE5
:108B9C00003801401F85EB5180B485B000AFF86000
:108BAC00384680E80E00002318461437BD4680BCBA
:108BBC00704780B485B000AF78607B680022A3F862
:108BCC0044204FF43F43FB60FB689AB27B68A3F8E8
:108BDC004020002318461437BD4680BC704780B433
:108BEC0085B000AF78604FF43F43FB607B68B3F80F
:108BFC0040309AB2FB689BB2DB439BB213409AB2F3
:108C0C007B68A3F84020002318461437BD4680BC6F
:108C1C00704780B483B000AF78600B46FB700023C4
:108C2C0018460C37BD4680BC704780B485B000AF89
:108C3C00F860384680E80E00FB680122A3F840205B
:108C4C00FB680022A3F84020FB680022A3F8442014
:108C5C00FB680022A3F85020002318461437BD46A9
:108C6C0080BC704780B49DB000AF78603960002341
:108C7C0087F86F307A683B681B789B0013441B881D
:108C8C009BB223F4EC4323F07003A7F86C303B68E1
:108C9C00DB78032B1FD801A252F823F0B98C000803
:108CAC00D58C0008EB8C0008C78C0008B7F86C302A
:108CBC0043F40073A7F86C3012E0B7F86C3043F44F
:108CCC00C063A7F86C300BE0B7F86C3043F48063EA
:108CDC00A7F86C3004E0012387F86F3000E000BF88
:108CEC007A683B681B789B001A44B7F86C3043F0E9
:108CFC007F4343F47F0343F4004343F080039BB270
:108D0C0013807A683B681B789B0013441B889BB2CA
:108D1C0023F4E04323F070039BB23A6812781343B8
:108D2C00A7F866307A683B681B789B001A44B7F842
:108D3C00663043F07F4343F47F0343F4004343F036
:108D4C0080039BB213803B681B7B002B40F0788127
:108D5C003B685B78002B00F084807B68BB617B6890
:108D6C00B3F850309BB21A46BB691344BB613B68E5
:108D7C001B781A01BB69134403F580637B613B6864
:108D8C00DB885B089BB25B009AB27B691A807A68BD
:108D9C003B681B789B0013441B887B827B8A03F007
:108DAC004003002B1BD07A683B681B789B00134454
:108DBC001B889BB223F4E04323F070033B827A6858
:108DCC003B681B789B001A443B8A43F07F4343F477
:108DDC007F0343F4004343F0C0039BB213803B6812
:108DEC00DB78012B20D07A683B681B789B001344FE
:108DFC001B889BB223F4E04323F04003BB81BB8967
:108E0C0083F02003BB817A683B681B789B001A4473
:108E1C00BB8943F07F4343F47F0343F4004343F0A7
:108E2C0080039BB21380D5E27A683B681B789B0069
:108E3C0013441B889BB223F4E04323F04003FB81D3
:108E4C007A683B681B789B001A44FB8943F07F438C
:108E5C0043F47F0343F4004343F080039BB213803D
:108E6C00B8E27B683B637B68B3F850309BB21A4620
:108E7C003B6B13443B633B681B781A013B6B1344FD
:108E8C0003F58163FB623B68DB885B089BB25B008C
:108E9C009AB2FB6A1A807B68BB627B68B3F850306D
:108EAC009BB21A46BB6A1344BB623B681B781A011F
:108EBC00BB6A134403F20C437B627B6A1B889BB234
:108ECC00C3F309039AB27B6A1A803B681B693E2B79
:108EDC001DD93B681B695B09BB663B681B6903F0CA
:108EEC001F03002B02D1BB6E013BBB667B6A1B8848
:108EFC009AB2BB6E9BB29B029BB213439BB26FEABE
:108F0C0043436FEA53439AB27B6A1A8026E03B686C
:108F1C001B69002B0AD17B6A1B889BB26FEA434307
:108F2C006FEA53439AB27B6A1A8017E03B681B695D
:108F3C005B08BB663B681B6903F00103002B02D086
:108F4C00BB6E0133BB667B6A1B889AB2BB6E9BB24D
:108F5C009B029BB213439AB27B6A1A807A683B6875
:108F6C001B789B0013441B887B847B8C03F480430D
:108F7C00002B1BD07A683B681B789B0013441B8822
:108F8C009BB223F4E04323F070033B847A683B6884
:108F9C001B789B001A443B8C43F07F4343F47F03C4
:108FAC0043F4404343F080039BB213803B681B782F
:108FBC00002B24D17A683B681B789B0013441B88D8
:108FCC009BB223F4804323F07003BB83BB8B83F4ED
:108FDC008053BB83BB8B83F40053BB837A683B68A1
:108FEC001B789B001A44BB8B43F07F4343F47F03F5
:108FFC0043F4004343F080039BB21380EAE17A68A8
:10900C003B681B789B0013441B889BB223F4804362
:10901C0023F07003FB83FB8B83F40053FB837A6890
:10902C003B681B789B001A44FB8B43F07F4343F453
:10903C007F0343F4004343F080039BB21380C9E1E8
:10904C003B68DB78022B1ED17A683B681B789B004F
:10905C0013441B889BB223F4E04323F07003A7F85E
:10906C0062307A683B681B789B001A44B7F8623010
:10907C0043F07F4343F47F0343F4014343F0800305
:10908C009BB213801DE07A683B681B789B001344ED
:10909C001B889BB223F4E24323F07003A7F86430DF
:1090AC007A683B681B789B001A44B7F8643043F02D
:1090BC007F4343F47F0343F4004343F080039BB2AC
:1090CC0013807B68FB657B68B3F850309BB21A4603
:1090DC00FB6D1344FB653B681B781A01FB6D134455
:1090EC0003F58063BB653B681B895B089BB25B0027
:1090FC009AB2BB6D1A807B687B657B68B3F8503085
:10910C009BB21A467B6D13447B653B681B781A0136
:10911C007B6D134403F581633B653B685B895B089E
:10912C009BB25B009AB23B6D1A803B685B78002B5C
:10913C0040F093807A683B681B789B0013441B8833
:10914C00A7F84030B7F8403003F48043002B1BD015
:10915C007A683B681B789B0013441B889BB223F4F2
:10916C00E04323F07003FB877A683B681B789B0015
:10917C001A44FB8F43F07F4343F47F0343F4404393
:10918C0043F080039BB213807A683B681B789B008A
:10919C0013441B88BB87BB8F03F04003002B1BD0F1
:1091AC007A683B681B789B0013441B889BB223F4A2
:1091BC00E04323F070037B877A683B681B789B0045
:1091CC001A447B8F43F07F4343F47F0343F4004303
:1091DC0043F0C0039BB213807A683B681B789B00FA
:1091EC0013441B889BB223F4804323F070033B870A
:1091FC003B8F83F480533B873B8F83F400533B8737
:10920C007A683B681B789B001A443B8F43F07F4382
:10921C0043F47F0343F4004343F080039BB2138079
:10922C007A683B681B789B0013441B889BB223F421
:10923C00E04323F04003FB867A683B681B789B0075
:10924C001A44FB8E43F07F4343F47F0343F4004303
:10925C0043F080039BB21380BCE07A683B681B78B8
:10926C009B0013441B88A7F84E30B7F84E3003F41C
:10927C008043002B1DD07A683B681B789B001344FD
:10928C001B889BB223F4E04323F07003A7F84C3007
:10929C007A683B681B789B001A44B7F84C3043F053
:1092AC007F4343F47F0343F4404343F080039BB27A
:1092BC0013807A683B681B789B0013441B88A7F8C3
:1092CC004A30B7F84A3003F04003002B1DD07A68BF
:1092DC003B681B789B0013441B889BB223F4E04330
:1092EC0023F07003A7F848307A683B681B789B0022
:1092FC001A44B7F8483043F07F4343F47F0343F4F8
:10930C00004343F0C0039BB213803B68DB78012B16
:10931C0024D07A683B681B789B0013441B889BB253
:10932C0023F4E04323F04003A7F84430B7F844306B
:10933C0083F02003A7F844307A683B681B789B00C5
:10934C001A44B7F8443043F07F4343F47F0343F4AB
:10935C00004343F080039BB213801DE07A683B68A6
:10936C001B789B0013441B889BB223F4E04323F02F
:10937C004003A7F846307A683B681B789B001A4478
:10938C00B7F8463043F07F4343F47F0343F4004384
:10939C0043F080039BB213807A683B681B789B0078
:1093AC0013441B889BB223F4804323F07003A7F86B
:1093BC0042307A683B681B789B001A44B7F84230FD
:1093CC0043F07F4343F47F0343F4004343F08003B3
:1093DC009BB2138097F86F3018467437BD4680BC2B
:1093EC00704700BF80B48DB000AF786039603B68C7
:1093FC001B7B002B40F08E803B685B78002B44D0AD
:10940C007A683B681B789B0013441B88BB81BB8923
:10941C0003F04003002B1BD07A683B681B789B0041
:10942C0013441B889BB223F4E04323F070037B812D
:10943C007A683B681B789B001A447B8943F07F4316
:10944C0043F47F0343F4004343F0C0039BB2138007
:10945C007A683B681B789B0013441B889BB223F4EF
:10946C00E04323F040033B817A683B681B789B0008
:10947C001A443B8943F07F4343F47F0343F4004396
:10948C0043F080039BB2138092E17A683B681B78AF
:10949C009B0013441B887B827B8A03F48043002B44
:1094AC001BD07A683B681B789B0013441B889BB2CB
:1094BC0023F4E04323F070033B827A683B681B780B
:1094CC009B001A443B8A43F07F4343F47F0343F4ED
:1094DC00404343F080039BB213807A683B681B784F
:1094EC009B0013441B889BB223F4804323F070032E
:1094FC00FB817A683B681B789B001A44FB8943F01C
:10950C007F4343F47F0343F4004343F080039BB257
:10951C0013804DE13B685B78002B40F0A5807A68A6
:10952C003B681B789B0013441B883B843B8C03F4E7
:10953C008043002B1BD07A683B681B789B0013443C
:10954C001B889BB223F4E04323F07003FB837A68FF
:10955C003B681B789B001A44FB8B43F07F4343F41E
:10956C007F0343F4404343F080039BB213807A683B
:10957C003B681B789B0013441B88BB83BB8B03F09D
:10958C004003002B1BD07A683B681B789B0013446C
:10959C001B889BB223F4E04323F070037B837A682F
:1095AC003B681B789B001A447B8B43F07F4343F44E
:1095BC007F0343F4004343F0C0039BB213807A68EB
:1095CC003B681B789B0013441B889BB223F4E0433D
:1095DC0023F070033B837A683B681B789B001A442A
:1095EC003B8B43F07F4343F47F0343F4004343F04E
:1095FC00C0039BB213807A683B681B789B001344B2
:10960C001B889BB223F4804323F07003FB827A689F
:10961C003B681B789B001A44FB8A43F07F4343F45E
:10962C007F0343F4004343F080039BB213807A68BA
:10963C003B681B789B0013441B889BB223F4E043CC
:10964C0023F04003BB827A683B681B789B001A446A
:10965C00BB8A43F07F4343F47F0343F4004343F05E
:10966C0080039BB21380A3E07A683B681B789B0055
:10967C0013441B88FB85FB8D03F48043002B1BD00C
:10968C007A683B681B789B0013441B889BB223F4BD
:10969C00E04323F07003BB857A683B681B789B0022
:1096AC001A44BB8D43F07F4343F47F0343F44043A0
:1096BC0043F080039BB213807A683B681B789B0055
:1096CC0013441B887B857B8D03F04003002B1BD040
:1096DC007A683B681B789B0013441B889BB223F46D
:1096EC00E04323F070033B857A683B681B789B0052
:1096FC001A443B8D43F07F4343F47F0343F4004310
:10970C0043F0C0039BB213807A683B681B789B00C4
:10971C0013441B889BB223F4E04323F07003FB84B7
:10972C007A683B681B789B001A44FB8C43F07F43A0
:10973C0043F47F0343F4404343F080039BB2138014
:10974C007A683B681B789B0013441B889BB223F4FC
:10975C00E04323F04003BB847A683B681B789B0092
:10976C001A44BB8C43F07F4343F47F0343F4004320
:10977C0043F080039BB213807A683B681B789B0094
:10978C0013441B889BB223F4804323F070037B8427
:10979C007A683B681B789B001A447B8C43F07F43B0
:1097AC0043F47F0343F4004343F080039BB21380E4
:1097BC00002318463437BD4680BC704780B5C2B014
:1097CC0000AF07F58473A3F58273186007F58473F3
:1097DC00A3F58473196007F58473A3F584731B6870
:1097EC005B78012B40F0B78607F58473A3F584737F
:1097FC001B689A6907F58473A3F584731B681B694E
:10980C009A4208D907F58473A3F584731B681B6906
:10981C00C7F8043107E007F58473A3F584731B685C
:10982C009B69C7F8043107F58473A3F584731B682F
:10983C001B7B002B3AD107F58473A3F584731B684B
:10984C00596907F58473A3F584731B68DA88D7F814
:10985C0004319BB207F58470A0F58270006801F0AA
:10986C009CFC07F58473A3F582731B683B6107F5B9
:10987C008473A3F582731B68B3F850309BB21A46FD
:10988C003B6913443B6107F58473A3F584731B6830
:10989C001B781A013B69134403F20443FB60D7F8AD
:1098AC0004319AB2FB681A8000F01FBE07F584736E
:1098BC00A3F584731B68DB78022B40F0628407F5F8
:1098CC008473A3F584731B681A6A07F58473A3F574
:1098DC0084731B681B699A4240F2DF8307F584731B
:1098EC00A3F582731A6807F58473A3F584731B6858
:1098FC001B789B0013441B889BB223F4E04323F09A
:10990C007003A7F8563007F58473A3F582731A68B1
:10991C0007F58473A3F584731B681B789B001A44AA
:10992C00B7F8563043F07F4343F47F0343F40143CD
:10993C0043F080039BB2138007F58473A3F5847303
:10994C001B681A6AD7F80431D21A07F58473A3F589
:10995C0084731B681A6207F58473A3F582731A6803
:10996C0007F58473A3F584731B681B789B00134461
:10997C001B889BB203F04003002B00F0C78107F556
:10998C008473A3F582731B683B6307F58473A3F59B
:10999C0084731B685B78002B77D107F58473A3F570
:1099AC0082731B68BB6207F58473A3F582731B6813
:1099BC00B3F850309BB21A46BB6A1344BB6207F52E
:1099CC008473A3F584731B681B781A01BB6A134458
:1099DC0003F20C437B627B6A1B889BB2C3F30903C3
:1099EC009AB27B6A1A80D7F804313E2B21D9D7F86A
:1099FC0004315B09C7F80031D7F8043103F01F03B9
:109A0C00002B04D1D7F80031013BC7F800317B6A39
:109A1C001B889AB2D7F800319BB29B029BB21343BE
:109A2C009BB26FEA43436FEA53439AB27B6A1A8044
:109A3C0050E0D7F80431002B0AD17B6A1B889BB20B
:109A4C006FEA43436FEA53439AB27B6A1A8041E050
:109A5C00D7F804315B08C7F80031D7F8043103F0AC
:109A6C000103002B04D0D7F800310133C7F80031C3
:109A7C007B6A1B889AB2D7F800319BB29B029BB2CF
:109A8C0013439AB27B6A1A8024E007F58473A3F51A
:109A9C0084731B685B78012B1CD107F58473A3F5C9
:109AAC0082731B68B3F850309BB21A463B6B13445D
:109ABC003B6307F58473A3F584731B681B781A0149
:109ACC003B6B134403F20C43FB62D7F804319AB29C
:109ADC00FB6A1A8007F58473A3F584731B685B8992
:109AEC00A7F8763007F58473A3F584731B6859695E
:109AFC00D7F804319BB2B7F8762007F58470A0F53F
:109B0C008270006801F049FB07F58473A3F5847338
:109B1C001B685A69D7F804311A4407F58473A3F506
:109B2C0084731B685A6107F58473A3F584731B68EF
:109B3C001A6A07F58473A3F584731B681B699A4230
:109B4C000FD907F58473A3F584731B681A6AD7F8C9
:109B5C000431D21A07F58473A3F584731B681A6257
:109B6C000EE007F58473A3F584731B681B6AC7F8B2
:109B7C00043107F58473A3F584731B6800221A6201
:109B8C0007F58473A3F584731B685B78002B77D17E
:109B9C0007F58473A3F582731B68BB6107F58473A7
:109BAC00A3F582731B68B3F850309BB21A46BB699D
:109BBC001344BB6107F58473A3F584731B681B788E
:109BCC001A01BB69134403F204437B617B691B8854
:109BDC009BB2C3F309039AB27B691A80D7F804319C
:109BEC003E2B21D9D7F804315B09C7F8FC30D7F8E4
:109BFC00043103F01F03002B04D1D7F8FC30013BD8
:109C0C00C7F8FC307B691B889AB2D7F8FC309BB242
:109C1C009B029BB213439BB26FEA43436FEA5343DD
:109C2C009AB27B691A8056E0D7F80431002B0AD11E
:109C3C007B691B889BB26FEA43436FEA53439AB22A
:109C4C007B691A8047E0D7F804315B08C7F8FC3011
:109C5C00D7F8043103F00103002B04D0D7F8FC3003
:109C6C000133C7F8FC307B691B889AB2D7F8FC30FB
:109C7C009BB29B029BB213439AB27B691A802AE077
:109C8C0007F58473A3F584731B685B78012B22D1D1
:109C9C0007F58473A3F582731B683B6207F5847325
:109CAC00A3F582731B68B3F850309BB21A463B6A1B
:109CBC0013443B6207F58473A3F584731B681B780C
:109CCC001A013B6A134403F20443FB61D7F80431D5
:109CDC009AB2FB691A8007F58473A3F584731B6829
:109CEC001B89A7F8763007F58473A3F584731B687A
:109CFC005969D7F804319BB2B7F8762007F5847010
:109D0C00A0F58270006801F048FAEEE307F5847361
:109D1C00A3F584731B685B78002B77D107F58473EC
:109D2C00A3F582731B68BB6407F58473A3F5827378
:109D3C001B68B3F850309BB21A46BB6C1344BB641F
:109D4C0007F58473A3F584731B681B781A01BB6C2D
:109D5C00134403F204437B647B6C1B889BB2C3F3F8
:109D6C0009039AB27B6C1A80D7F804313E2B21D9A7
:109D7C00D7F804315B09C7F8F830D7F8043103F091
:109D8C001F03002B04D1D7F8F830013BC7F8F8308B
:109D9C007B6C1B889AB2D7F8F8309BB29B029BB2B3
:109DAC0013439BB26FEA43436FEA53439AB27B6C03
:109DBC001A8056E0D7F80431002B0AD17B6C1B8833
:109DCC009BB26FEA43436FEA53439AB27B6C1A809F
:109DDC0047E0D7F804315B08C7F8F830D7F80431FE
:109DEC0003F00103002B04D0D7F8F8300133C7F887
:109DFC00F8307B6C1B889AB2D7F8F8309BB29B0278
:109E0C009BB213439AB27B6C1A802AE007F58473D9
:109E1C00A3F584731B685B78012B22D107F584733F
:109E2C00A3F582731B683B6507F58473A3F58273F6
:109E3C001B68B3F850309BB21A463B6D13443B651C
:109E4C0007F58473A3F584731B681B781A013B6DAB
:109E5C00134403F20443FB64D7F804319AB2FB6C4D
:109E6C001A8007F58473A3F584731B681B89A7F804
:109E7C00763007F58473A3F584731B685969D7F89A
:109E8C0004319BB2B7F8762007F58470A0F5827088
:109E9C00006801F082F907F58473A3F584731B68DD
:109EAC005A69D7F804311A4407F58473A3F58473FF
:109EBC001B685A6107F58473A3F584731B681A6ACF
:109ECC0007F58473A3F584731B681B699A420FD939
:109EDC0007F58473A3F584731B681A6AD7F80431E9
:109EEC00D21A07F58473A3F584731B681A620EE00B
:109EFC0007F58473A3F584731B681B6AC7F80431D8
:109F0C0007F58473A3F584731B6800221A6207F5A6
:109F1C008473A3F582731B683B6407F58473A3F504
:109F2C0084731B685B78002B77D107F58473A3F5DA
:109F3C0082731B68BB6307F58473A3F582731B687C
:109F4C00B3F850309BB21A46BB6B1344BB6307F596
:109F5C008473A3F584731B681B781A01BB6B1344C1
:109F6C0003F20C437B637B6B1B889BB2C3F309032B
:109F7C009AB27B6B1A80D7F804313E2B21D9D7F8D3
:109F8C0004315B09C7F8F430D7F8043103F01F0330
:109F9C00002B04D1D7F8F430013BC7F8F4307B6BBD
:109FAC001B889AB2D7F8F4309BB29B029BB2134336
:109FBC009BB26FEA43436FEA53439AB27B6B1A80AE
:109FCC0050E0D7F80431002B0AD17B6B1B889BB275
:109FDC006FEA43436FEA53439AB27B6B1A8041E0BA
:109FEC00D7F804315B08C7F8F430D7F8043103F024
:109FFC000103002B04D0D7F8F4300133C7F8F43048
:10A00C007B6B1B889AB2D7F8F4309BB29B029BB245
:10A01C0013439AB27B6B1A8024E007F58473A3F583
:10A02C0084731B685B78012B1CD107F58473A3F533
:10A03C0082731B68B3F850309BB21A463B6C1344C6
:10A04C003B6407F58473A3F584731B681B781A01B2
:10A05C003B6C134403F20C43FB63D7F804319AB204
:10A06C00FB6B1A8007F58473A3F584731B685B89FB
:10A07C00A7F8763007F58473A3F584731B685969C8
:10A08C00D7F804319BB2B7F8762007F58470A0F5A9
:10A09C008270006801F081F827E207F58473A3F55C
:10A0AC0084731B681B6AC7F8043107F58473A3F526
:10A0BC0082731A6807F58473A3F584731B681B7885
:10A0CC009B0013441B889BB223F4E24323F07003E0
:10A0DC00A7F8623007F58473A3F582731A6807F545
:10A0EC008473A3F584731B681B789B001A44B7F820
:10A0FC00623043F07F4343F47F0343F4004343F067
:10A10C0080039BB2138007F58473A3F582731B68DD
:10A11C00FB6507F58473A3F582731B68B3F85030A5
:10A12C009BB21A46FB6D1344FB6507F58473A3F5CC
:10A13C0084731B681B781A01FB6D134403F20443F0
:10A14C00BB65D7F804319AB2BB6D1A8007F58473DE
:10A15C00A3F584731B681B89A7F8763007F5847305
:10A16C00A3F584731B685969D7F804319BB2B7F80F
:10A17C00762007F58470A0F58270006801F00DF868
:10A18C00B3E107F58473A3F584731B681A6AD7F8D7
:10A19C000431D21A07F58473A3F584731B681A6211
:10A1AC0007F58473A3F582731A6807F58473A3F516
:10A1BC0084731B681B789B0013441B889BB203F0B1
:10A1CC004003002B00F0C68007F58473A3F582735F
:10A1DC001B683B6707F58473A3F584731B685B7876
:10A1EC00002B77D107F58473A3F582731B68BB66CC
:10A1FC0007F58473A3F582731B68B3F850309BB2D8
:10A20C001A46BB6E1344BB6607F58473A3F58473BF
:10A21C001B681B781A01BB6E134403F20C437B665C
:10A22C007B6E1B889BB2C3F309039AB27B6E1A80B8
:10A23C00D7F804313E2B21D9D7F804315B09C7F884
:10A24C00F030D7F8043103F01F03002B04D1D7F8FA
:10A25C00F030013BC7F8F0307B6E1B889AB2D7F810
:10A26C00F0309BB29B029BB213439BB26FEA434309
:10A27C006FEA53439AB27B6E1A8050E0D7F80431E0
:10A28C00002B0AD17B6E1B889BB26FEA43436FEAAB
:10A29C0053439AB27B6E1A8041E0D7F804315B08C5
:10A2AC00C7F8F030D7F8043103F00103002B04D0C9
:10A2BC00D7F8F0300133C7F8F0307B6E1B889AB2B8
:10A2CC00D7F8F0309BB29B029BB213439AB27B6ED1
:10A2DC001A8024E007F58473A3F584731B685B78FC
:10A2EC00012B1CD107F58473A3F582731B68B3F89B
:10A2FC0050309BB21A463B6F13443B6707F584738F
:10A30C00A3F584731B681B781A013B6F134403F28B
:10A31C000C43FB66D7F804319AB2FB6E1A8007F532
:10A32C008473A3F584731B685B89A7F8763007F5F3
:10A33C008473A3F584731B685969D7F804319BB2F5
:10A34C00B7F8762007F58470A0F58270006800F0ED
:10A35C0024FFCAE007F58473A3F584731B685B784C
:10A36C00002B77D107F58473A3F582731B68FB6709
:10A37C0007F58473A3F582731B68B3F850309BB256
:10A38C001A46FB6F1344FB6707F58473A3F58473BC
:10A39C001B681B781A01FB6F134403F20443BB6761
:10A3AC00BB6F1B889BB2C3F309039AB2BB6F1A80B5
:10A3BC00D7F804313E2B21D9D7F804315B09C7F803
:10A3CC00EC30D7F8043103F01F03002B04D1D7F87D
:10A3DC00EC30013BC7F8EC30BB6F1B889AB2D7F856
:10A3EC00EC309BB29B029BB213439BB26FEA43438C
:10A3FC006FEA53439AB2BB6F1A805CE0D7F8043112
:10A40C00002B0AD1BB6F1B889BB26FEA43436FEAE8
:10A41C0053439AB2BB6F1A804DE0D7F804315B08F6
:10A42C00C7F8EC30D7F8043103F00103002B04D04B
:10A43C00D7F8EC300133C7F8EC30BB6F1B889AB2FD
:10A44C00D7F8EC309BB29B029BB213439AB2BB6F12
:10A45C001A8030E007F58473A3F584731B685B786E
:10A46C00012B28D107F58473A3F582731B68C7F8F9
:10A47C00843007F58473A3F582731B68B3F85030EE
:10A48C009BB21A46D7F884301344C7F8843007F5CA
:10A49C008473A3F584731B681B781A01D7F8843076
:10A4AC00134403F20443C7F88030D7F804319AB24E
:10A4BC00D7F880301A8007F58473A3F584731B6872
:10A4CC001B89A7F8763007F58473A3F584731B6892
:10A4DC005969D7F804319BB2B7F8762007F5847028
:10A4EC00A0F58270006800F058FE07F58473A3F5A0
:10A4FC0082731A6807F58473A3F584731B681B7841
:10A50C009B0013441B889BB223F4E04323F04003CD
:10A51C007B817B8983F010037B817B8983F0200313
:10A52C007B8107F58473A3F582731A6807F584732E
:10A53C00A3F584731B681B789B001A447B8943F03A
:10A54C007F4343F47F0343F4004343F080039BB207
:10A55C00138000F0DEBC07F58473A3F584731B68CD
:10A56C001B7B002B40F0BB8007F58473A3F5847331
:10A57C001B689A6907F58473A3F584731B681B69C0
:10A58C009A4217D907F58473A3F584731B681B696A
:10A59C00C7F8043107F58473A3F584731B689A69B3
:10A5AC00D7F80431D21A07F58473A3F584731B68AA
:10A5BC009A610EE007F58473A3F584731B689B699D
:10A5CC00C7F8043107F58473A3F584731B68002264
:10A5DC009A6107F58473A3F582731B68C7F89030F2
:10A5EC0007F58473A3F582731B68B3F850309BB2E4
:10A5FC001A46D7F890301344C7F8903007F5847397
:10A60C00A3F584731B681B781A01D7F89030134498
:10A61C0003F20C43C7F88C30D7F88C301B889BB2F4
:10A62C00C3F309039AB2D7F88C301A80D7F80431E7
:10A63C003E2B24D9D7F804315B09C7F8E830D7F89A
:10A64C00043103F01F03002B04D1D7F8E830013B91
:10A65C00C7F8E830D7F88C301B889AB2D7F8E830B6
:10A66C009BB29B029BB213439BB26FEA43436FEACC
:10A67C0053439AB2D7F88C301A8000F010BCD7F83C
:10A68C000431002B0CD1D7F88C301B889BB26FEAAD
:10A69C0043436FEA53439AB2D7F88C301A80FEE3E7
:10A6AC00D7F804315B08C7F8E830D7F8043103F069
:10A6BC000103002B04D0D7F8E8300133C7F8E83099
:10A6CC00D7F88C301B889AB2D7F8E8309BB29B0233
:10A6DC009BB213439AB2D7F88C301A80DFE307F59C
:10A6EC008473A3F584731B68DB78022B40F018820B
:10A6FC0007F58473A3F584731B685B78002B40F01B
:10A70C009D8007F58473A3F582731B68C7F8AC3082
:10A71C0007F58473A3F582731B68B3F850309BB2B2
:10A72C001A46D7F8AC301344C7F8AC3007F584732D
:10A73C00A3F584731B681B781A01D7F8AC3013444B
:10A74C0003F20443C7F8A830D7F8A8301B889BB293
:10A75C00C3F309039AB2D7F8A8301A8007F58473AB
:10A76C00A3F584731B681B693E2B2BD907F58473E7
:10A77C00A3F584731B681B695B09C7F8E43007F504
:10A78C008473A3F584731B681B6903F01F03002BF0
:10A79C0004D1D7F8E430013BC7F8E430D7F8A8303F
:10A7AC001B889AB2D7F8E4309BB29B029BB213433E
:10A7BC009BB26FEA43436FEA53439AB2D7F8A8307F
:10A7CC001A8070E007F58473A3F584731B681B690A
:10A7DC00002B0CD1D7F8A8301B889BB26FEA4343EF
:10A7EC006FEA53439AB2D7F8A8301A805BE007F5AA
:10A7FC008473A3F584731B681B695B08C7F8E4308A
:10A80C0007F58473A3F584731B681B6903F00103BC
:10A81C00002B04D0D7F8E4300133C7F8E430D7F874
:10A82C00A8301B889AB2D7F8E4309BB29B029BB23B
:10A83C0013439AB2D7F8A8301A8034E007F5847322
:10A84C00A3F584731B685B78012B2CD107F58473FB
:10A85C00A3F582731B68C7F8B43007F58473A3F5AE
:10A86C0082731B68B3F850309BB21A46D7F8B430D9
:10A87C001344C7F8B43007F58473A3F584731B68CD
:10A88C001B781A01D7F8B430134403F20443C7F809
:10A89C00B03007F58473A3F584731B681B699AB2F7
:10A8AC00D7F8B0301A8007F58473A3F582731B6850
:10A8BC00C7F8A43007F58473A3F584731B685B7821
:10A8CC00002B40F09D8007F58473A3F582731B6801
:10A8DC00C7F89C3007F58473A3F582731B68B3F833
:10A8EC0050309BB21A46D7F89C301344C7F89C30B2
:10A8FC0007F58473A3F584731B681B781A01D7F8CA
:10A90C009C30134403F20C43C7F89830D7F89830B6
:10A91C001B889BB2C3F309039AB2D7F898301A80FC
:10A92C0007F58473A3F584731B681B693E2B2BD925
:10A93C0007F58473A3F584731B681B695B09C7F85F
:10A94C00E03007F58473A3F584731B681B6903F06F
:10A95C001F03002B04D1D7F8E030013BC7F8E030DF
:10A96C00D7F898301B889AB2D7F8E0309BB29B028C
:10A97C009BB213439BB26FEA43436FEA53439AB2C1
:10A98C00D7F898301A8069E007F58473A3F58473BF
:10A99C001B681B69002B0CD1D7F898301B889BB215
:10A9AC006FEA43436FEA53439AB2D7F898301A8050
:10A9BC0054E007F58473A3F584731B681B695B086B
:10A9CC00C7F8E03007F58473A3F584731B681B6923
:10A9DC0003F00103002B04D0D7F8E0300133C7F8A3
:10A9EC00E030D7F898301B889AB2D7F8E0309BB299
:10A9FC009B029BB213439AB2D7F898301A802DE081
:10AA0C0007F58473A3F584731B685B78012B25D140
:10AA1C0007F58473A3F582731B68B3F850309BB2AF
:10AA2C001A46D7F8A4301344C7F8A43007F584733A
:10AA3C00A3F584731B681B781A01D7F8A430134450
:10AA4C0003F20C43C7F8A03007F58473A3F58473A5
:10AA5C001B681B699AB2D7F8A0301A8007F584736B
:10AA6C00A3F584731B68DB69002B00F0188207F5D3
:10AA7C008473A3F582731A6807F58473A3F5847342
:10AA8C001B681B789B0013441B88A7F89630B7F8FB
:10AA9C00963003F48043002B05D0B7F8963003F0C2
:10AAAC004003002B0DD1B7F8963003F48043002BF4
:10AABC0040F0F581B7F8963003F04003002B40F0DE
:10AACC00EE8107F58473A3F582731A6807F5847316
:10AADC00A3F584731B681B789B0013441B889BB2E3
:10AAEC0023F4E04323F07003A7F8943007F5847344
:10AAFC00A3F582731A6807F58473A3F584731B6836
:10AB0C001B789B001A44B7F8943043F07F4343F40E
:10AB1C007F0343F4004343F0C0039BB21380BEE1B8
:10AB2C0007F58473A3F584731B68DB78012B40F065
:10AB3C00B48107F58473A3F584731B689A6907F5D0
:10AB4C008473A3F584731B681B699A4217D907F5A4
:10AB5C008473A3F584731B681B69C7F8043107F56C
:10AB6C008473A3F584731B689A69D7F80431D21ADD
:10AB7C0007F58473A3F584731B689A610EE007F5DF
:10AB8C008473A3F584731B689B69C7F8043107F5BC
:10AB9C008473A3F584731B6800229A6107F5847390
:10ABAC00A3F584731B685B78002B40F0858007F558
:10ABBC008473A3F582731B68C7F8CC3007F58473D4
:10ABCC00A3F582731B68B3F850309BB21A46D7F8C2
:10ABDC00CC301344C7F8CC3007F58473A3F58473D9
:10ABEC001B681B781A01D7F8CC30134403F20443CA
:10ABFC00C7F8C830D7F8C8301B889BB2C3F3090319
:10AC0C009AB2D7F8C8301A80D7F804313E2B23D922
:10AC1C00D7F804315B09C7F8DC30D7F8043103F0FE
:10AC2C001F03002B04D1D7F8DC30013BC7F8DC3014
:10AC3C00D7F8C8301B889AB2D7F8DC309BB29B028D
:10AC4C009BB213439BB26FEA43436FEA53439AB2EE
:10AC5C00D7F8C8301A8060E0D7F80431002B0CD13B
:10AC6C00D7F8C8301B889BB26FEA43436FEA534353
:10AC7C009AB2D7F8C8301A804FE0D7F804315B0885
:10AC8C00C7F8DC30D7F8043103F00103002B04D0F3
:10AC9C00D7F8DC300133C7F8DC30D7F8C8301B8864
:10ACAC009AB2D7F8DC309BB29B029BB213439AB298
:10ACBC00D7F8C8301A8030E007F58473A3F5847395
:10ACCC001B685B78012B28D107F58473A3F582737D
:10ACDC001B68C7F8D43007F58473A3F582731B681F
:10ACEC00B3F850309BB21A46D7F8D4301344C7F897
:10ACFC00D43007F58473A3F584731B681B781A0191
:10AD0C00D7F8D430134403F20443C7F8D030D7F843
:10AD1C0004319AB2D7F8D0301A8007F58473A3F5B2
:10AD2C0082731B68C7F8C43007F58473A3F584736A
:10AD3C001B685B78002B40F0858007F58473A3F5C6
:10AD4C0082731B68C7F8BC3007F58473A3F5827354
:10AD5C001B68B3F850309BB21A46D7F8BC3013447A
:10AD6C00C7F8BC3007F58473A3F584731B681B7894
:10AD7C001A01D7F8BC30134403F20C43C7F8B830AF
:10AD8C00D7F8B8301B889BB2C3F309039AB2D7F833
:10AD9C00B8301A80D7F804313E2B23D9D7F80431B8
:10ADAC005B09C7F8D830D7F8043103F01F03002B28
:10ADBC0004D1D7F8D830013BC7F8D830D7F8B83021
:10ADCC001B889AB2D7F8D8309BB29B029BB2134324
:10ADDC009BB26FEA43436FEA53439AB2D7F8B83049
:10ADEC001A805CE0D7F80431002B0CD1D7F8B830BE
:10ADFC001B889BB26FEA43436FEA53439AB2D7F86E
:10AE0C00B8301A804BE0D7F804315B08C7F8D8305B
:10AE1C00D7F8043103F00103002B04D0D7F8D83055
:10AE2C000133C7F8D830D7F8B8301B889AB2D7F8A6
:10AE3C00D8309BB29B029BB213439AB2D7F8B8306E
:10AE4C001A802CE007F58473A3F584731B685B7878
:10AE5C00012B24D107F58473A3F582731B68B3F817
:10AE6C0050309BB21A46D7F8C4301344C7F8C430DC
:10AE7C0007F58473A3F584731B681B781A01D7F844
:10AE8C00C430134403F20C43C7F8C030D7F8043174
:10AE9C009AB2D7F8C0301A8001E001233AE007F5E6
:10AEAC008473A3F582731A6807F58473A3F584730E
:10AEBC001B681B789B0013441B889BB223F48043B4
:10AECC0023F07003A7F88A30B7F88A3083F48053E4
:10AEDC00A7F88A30B7F88A3083F40053A7F88A3081
:10AEEC0007F58473A3F582731A6807F58473A3F5C9
:10AEFC0084731B681B789B001A44B7F88A3043F0A4
:10AF0C007F4343F47F0343F4004343F080039BB23D
:10AF1C0013800023184607F58477BD4680BD80B4A6
:10AF2C0085B000AF786039603B685B78002B20D02F
:10AF3C007A683B681B789B0013441B889BB223F4F4
:10AF4C00E04323F04003BB81BB8983F01003BB813A
:10AF5C007A683B681B789B001A44BB8943F07F439B
:10AF6C0043F47F0343F4004343F080039BB213800C
:10AF7C001FE07A683B681B789B0013441B889BB2CC
:10AF8C0023F4804323F07003FB81FB8983F480530B
:10AF9C00FB817A683B681B789B001A44FB8943F061
:10AFAC007F4343F47F0343F4004343F080039BB29D
:10AFBC001380002318461437BD4680BC704780B4FC
:10AFCC0087B000AF786039603B681B7B002B40F08A
:10AFDC009D803B685B78002B4CD07A683B681B7873
:10AFEC009B0013441B883B823B8A03F04003002BDD
:10AFFC001BD07A683B681B789B0013441B889BB260
:10B00C0023F4E04323F07003FB817A683B681B78E0
:10B01C009B001A44FB8943F07F4343F47F0343F4C2
:10B02C00004343F0C0039BB213803B68DB78012BD9
:10B03C006CD07A683B681B789B0013441B889BB2CE
:10B04C0023F4E04323F04003BB81BB8983F020034E
:10B05C00BB817A683B681B789B001A44BB8943F020
:10B06C007F4343F47F0343F4004343F080039BB2DC
:10B07C0013804BE07A683B681B789B0013441B8859
:10B08C00FB82FB8A03F48043002B1BD07A683B685D
:10B09C001B789B0013441B889BB223F4E04323F0E2
:10B0AC007003BB827A683B681B789B001A44BB8A8E
:10B0BC0043F07F4343F47F0343F4404343F0800366
:10B0CC009BB213807A683B681B789B0013441B88E7
:10B0DC009BB223F4804323F070037B827B8A83F43E
:10B0EC0080537B827B8A83F400537B827A683B6833
:10B0FC001B789B001A447B8A43F07F4343F47F0305
:10B10C0043F4004343F080039BB2138000231846A2
:10B11C001C37BD4680BC704780B483B000AF7860EC
:10B12C000B46FB70FB78002B03D17B688022A3F8C5
:10B13C004C20002318460C37BD4680BC704780B4A9
:10B14C0083B000AF7860002318460C37BD4680BC36
:10B15C00704780B483B000AF7860002318460C377A
:10B16C00BD4680BC704780B485B000AF78607B680A
:10B17C00B3F844309BB2FB60FB6818461437BD46ED
:10B18C0080BC704780B483B000AF78603960002316
:10B19C0018460C37BD4680BC704780B48BB000AFEE
:10B1AC00F860B96011461A460B46FB801346BB800B
:10B1BC00BB8801335B08BB61FB687B61BB68FB61CF
:10B1CC00FB885A007B69134403F580633B62BB69BF
:10B1DC007B621EE0FB691B787B82FB6901331B7869
:10B1EC001B021AB2B7F9123013431BB27B823B6AB3
:10B1FC007A8A1A803B6A02333B623B6A02333B62B7
:10B20C00FB690133FB61FB690133FB617B6A013B29
:10B21C007B627B6A002BDDD100BF00BF2C37BD46A3
:10B22C0080BC704780B48BB000AFF860B960114639
:10B23C001A460B46FB801346BB80BB885B089BB24F
:10B24C00BB61FB687B61BB68FB61FB885A007B6957
:10B25C00134403F580633B62BB697B621BE03B6A72
:10B26C001B889BB23B613B6A02333B623B69DAB29F
:10B27C00FB691A70FB690133FB613B691B0ADAB28B
:10B28C00FB691A70FB690133FB613B6A02333B6259
:10B29C007B6A013B7B627B6A002BE0D1BB8803F0AD
:10B2AC0001039BB2002B07D03B6A1B889BB23B610E
:10B2BC003B69DAB2FB691A7000BF2C37BD4680BC03
:10B2CC00704780B584B000AF78600B46FB700023EC
:10B2DC00FB737B681B7C002B15D14FF4007302228F
:10B2EC008121786801F077FE7B680122DA624FF4E5
:10B2FC00007302220121786801F06DFE7B68012247
:10B30C00C3F86C2112E0402302228121786801F0FD
:10B31C0062FE7B680122DA624023022201217868F6
:10B32C0001F059FE7B680122C3F86C21082303222B
:10B33C008221786801F04FFE7B6801221A644FF479
:10B34C00077001F06FFF02467B68C3F8B8227B6878
:10B35C00D3F8B832002B02D10123FB7326E07B68B3
:10B36C00D3F8B832BB607B68D3F8BC321B68984703
:10B37C00BB680022C3F81422BB680022C3F8182251
:10B38C007B681B7C002B09D1BB68D3F804224FF4DB
:10B39C0000730121786801F00EFF07E0BB68D3F859
:10B3AC00042240230121786801F005FFFB7B18463D
:10B3BC001037BD4680BD80B584B000AF78600B46B9
:10B3CC00FB700023FB738121786801F02AFE7B68F7
:10B3DC000022DA620121786801F023FE7B680022EA
:10B3EC00C3F86C218221786801F01BFE7B68002277
:10B3FC001A647B68D3F8B832002B0ED07B68D3F874
:10B40C00BC325B6898477B68D3F8B832184601F0B9
:10B41C0015FF7B680022C3F8B822FB7B1846103757
:10B42C00BD4680BD80B586B000AF786039607B6862
:10B43C00D3F8B8323B610023FB730023BB8100239C
:10B44C00FB753B681B7803F06003002B39D0202B75
:10B45C007FD13B68DB88002B29D03B681B785BB223
:10B46C00002B11DA7B68D3F8BC329B683A685078B1
:10B47C0039693A68D288984739693B68DB881A463B
:10B48C00786801F005FA6BE03B685A783B6983F801
:10B49C0000223B68DB88DAB23B6983F80122396908
:10B4AC003B68DB881A46786801F020FA58E07B6824
:10B4BC00D3F8BC329B683A685078002239689847B8
:10B4CC004EE03B685B780B2B2ED00B2B38DC002B23
:10B4DC0002D00A2B14D033E07B6893F89C32032BF8
:10B4EC0007D107F10C0302221946786801F0D0F954
:10B4FC002EE03968786801F061F90223FB7527E0CA
:10B50C007B6893F89C32032B07D107F10F030122C0
:10B51C001946786801F0BCF91AE03968786801F0CE
:10B52C004DF90223FB7513E07B6893F89C32032BD7
:10B53C000DD03968786801F041F90223FB7506E0FB
:10B54C003968786801F03AF90223FB7500E000BF16
:10B55C0006E03968786801F031F90223FB7500BF09
:10B56C00FB7D18461837BD4680BD80B584B000AF52
:10B57C0078600B46FB707B68D3F8B832FB607B6855
:10B58C00D3F8C032BB607B68D3F8B832002B3AD00A
:10B59C00FA78796813469B0013449B000B441C33C8
:10B5AC001B68002B29D0FA78796813469B0013444A
:10B5BC009B000B441C331A68F978B8680B469B0047
:10B5CC000B44DB00034420331B68B2FBF3F101FB9B
:10B5DC0003F3D31A002B10D1FA78796813469B0029
:10B5EC0013449B000B441C3300221A60F97800238F
:10B5FC000022786801F0BCFD03E0FB680022C3F870
:10B60C001422002300E0022318461037BD4680BDEB
:10B61C0080B584B000AF78600B46FB707B68D3F8C4
:10B62C00B832FB60FB781946786801F0E7FD0246FA
:10B63C00FB68C3F80C227B68D3F8B832002B0DD012
:10B64C007B68D3F8BC32DB68FA68D2F80402FA687B
:10B65C0002F5037211469847002300E002231846B6
:10B66C001037BD4680BD80B584B000AF78607B6874
:10B67C00D3F8B832FB607B68D3F8BC32002B14D003
:10B68C00FB6893F80032FF2B0FD07B68D3F8BC32E9
:10B69C009B68FA6892F80002F968FA6892F801223D
:10B6AC009847FB68FF2283F80022002318461037C6
:10B6BC00BD4680BD80B483B000AF78607B68432208
:10B6CC001A80034B18460C37BD4680BC704700BF30
:10B6DC009800002080B483B000AF78607B68432270
:10B6EC001A80034B18460C37BD4680BC704700BF10
:10B6FC005400002080B483B000AF78607B68432294
:10B70C001A80034B18460C37BD4680BC704700BFEF
:10B71C00DC00002080B483B000AF78607B680A2224
:10B72C001A80034B18460C37BD4680BC704700BFCF
:10B73C001000002080B485B000AF7860396002231F
:10B74C00FB733B68002B05D07B683A68C3F8BC22BE
:10B75C000023FB73FB7B18461437BD4680BC704737
:10B76C0080B487B000AFF860B9601346FB80FB680B
:10B77C00D3F8B8327B617B69BA68C3F80822FA88BF
:10B78C007B69C3F81022002318461C37BD4680BCC9
:10B79C00704780B485B000AF786039607B68D3F8AF
:10B7AC00B832FB60FB683A68C3F8042200231846E1
:10B7BC001437BD4680BC704780B584B000AF78604C
:10B7CC007B68D3F8B832FB607B68D3F8B832002BB7
:10B7DC001CD0FB68D3F81432002B15D1FB68012266
:10B7EC00C3F81422FB68D3F810227B681A63FB6839
:10B7FC00D3F80822FB68D3F810329BB28121786809
:10B80C0001F0B6FC002302E0012300E002231846FD
:10B81C001037BD4680BD80B584B000AF78607B68C2
:10B82C00D3F8B832FB607B68D3F8B832002B17D052
:10B83C007B681B7C002B09D1FB68D3F804224FF4E6
:10B84C0000730121786801F0B6FC07E0FB68D3F8BF
:10B85C00042240230121786801F0ADFC002300E0B4
:10B86C00022318461037BD4680BD80B584B000AFAA
:10B87C00F860B9601346FB71FB68002B01D1022301
:10B88C001AE0FB68D3F8B432002B03D0FB6800221B
:10B89C00C3F8B422BB68002B03D0FB68BA68C3F8AA
:10B8AC00B022FB68012283F89C22FB68FA791A709B
:10B8BC00F86801F01BFB002318461037BD4680BD0D
:10B8CC0080B485B000AF786039600023FB733B68AF
:10B8DC00002B06D07B683A68C3F8B4220023FB73B4
:10B8EC0001E00223FB73FB7B18461437BD4680BC7A
:10B8FC00704780B582B000AF7860786801F050FB7B
:10B90C00002318460837BD4680BD80B483B000AF15
:10B91C007860002318460C37BD4680BC704780B554
:10B92C0084B000AF78600B46FB700223FB737B681E
:10B93C00D3F8B432002B0CD07B68D3F8B4321B682C
:10B94C00FA781146786898470346002B01D10023FA
:10B95C00FB73FB7B18461037BD4680BD80B582B0AB
:10B96C0000AF78600B46FB707B68D3F8B4325B6831
:10B97C00FA78114678689847002318460837BD4670
:10B98C0080BD80B582B000AF786039607B6803F50C
:10B99C002A733968184600F0D8FE7B680122C3F878
:10B9AC0094227B68B3F8AE321A467B68C3F89822AF
:10B9BC007B6893F8A83203F01F03022B16D0022BDE
:10B9CC001CD8002B02D0012B08D017E07B6803F5A4
:10B9DC002A731946786800F0CBF91AE07B6803F5F6
:10B9EC002A731946786800F02DFA12E07B6803F58B
:10B9FC002A731946786800F06DFA0AE07B6893F8B0
:10BA0C00A83223F07F03DBB21946786801F028FBDB
:10BA1C0000BF002318460837BD4680BD80B586B0F0
:10BA2C0000AFF8600B467A60FB72FB7A002B4BD1AF
:10BA3C00FB6803F5AA737B61FB68D3F89432032B84
:10BA4C0034D17B69DA687B691B699A4219D97B69A5
:10BA5C00DA687B691B69D21A7B69DA607B69DA6800
:10BA6C007B691B699A4203D27B69DB689BB202E05B
:10BA7C007B691B699BB21A467968F86800F054FF21
:10BA8C0038E0FB68D3F8B4321B69002B0AD0FB6892
:10BA9C0093F89C32032B05D1FB68D3F8B4321B69A5
:10BAAC00F8689847F86800F051FF23E0FB68D3F87A
:10BABC009432052B1ED1FB680022C3F8942200217E
:10BACC00F86801F0CDFA15E0FB68D3F8B4329B6945
:10BADC00002B0DD0FB6893F89C32032B08D1FB682C
:10BAEC00D3F8B4329B69FA7A1146F868984701E0AA
:10BAFC00022300E0002318461837BD4680BD80B5F0
:10BB0C0086B000AFF8600B467A60FB72FB7A002BB4
:10BB1C007FD1FB6814337B61FB68D3F89432022B22
:10BB2C005CD17B69DA687B691B699A4215D97B69A0
:10BB3C00DA687B691B69D21A7B69DA607B69DB681E
:10BB4C009BB21A467968F86800F0BEFE002300220A
:10BB5C000021F86801F02FFB4EE07B699B687A6945
:10BB6C001269B3FBF2F101FB02F29B1A002B1CD100
:10BB7C007B699A687B691B699A4216D37B699A68C0
:10BB8C00FB68D3F898329A420FD200220021F86851
:10BB9C0000F09AFEFB680022C3F8982200230022D2
:10BBAC000021F86801F007FB26E0FB68D3F8B432FB
:10BBBC00DB68002B0AD0FB6893F89C32032B05D171
:10BBCC00FB68D3F8B432DB68F86898478021F868D2
:10BBDC0001F046FAF86800F0CCFE0DE0FB68D3F8F3
:10BBEC009432042B04D0FB68D3F89432002B03D18D
:10BBFC008021F86801F034FAFB6893F8A032012B2D
:10BC0C001DD1F868FFF781FEFB68002283F8A022A3
:10BC1C0015E0FB68D3F8B4325B69002B0DD0FB68E0
:10BC2C0093F89C32032B08D1FB68D3F8B4325B69D0
:10BC3C00FA7A1146F868984701E0022300E00023E5
:10BC4C0018461837BD4680BD80B582B000AF78600D
:10BC5C00402300220021786801F0BDF97B680122A5
:10BC6C00C3F858217B684022C3F86421402300228A
:10BC7C008021786801F0AFF97B6801229A617B68BA
:10BC8C0040225A627B68012283F89C227B68002246
:10BC9C00C3F894227B6800225A607B680022C3F8A8
:10BCAC00A4227B68D3F8B832002B09D07B68D3F878
:10BCBC00B4325B687A685268D2B211467868984799
:10BCCC00002318460837BD4680BD80B483B000AF52
:10BCDC0078600B46FB707B68FA781A740023184660
:10BCEC000C37BD4680BC704780B483B000AF786021
:10BCFC007B6893F89C227B6883F89D227B680422E6
:10BD0C0083F89C22002318460C37BD4680BC704734
:10BD1C0080B483B000AF78607B6893F89C32042BBE
:10BD2C0005D17B6893F89D227B6883F89C220023C5
:10BD3C0018460C37BD4680BC704780B582B000AF4A
:10BD4C0078607B6893F89C32032B0BD17B68D3F81B
:10BD5C00B432DB69002B05D07B68D3F8B432DB69D5
:10BD6C0078689847002318460837BD4680BD000008
:10BD7C0080B584B000AF786039600023FB733B68FA
:10BD8C001B7803F06003402B05D0402B4FD8002BC1
:10BD9C0009D0202B4BD17B68D3F8B4329B6839681F
:10BDAC007868984748E03B685B78092B39D801A242
:10BDBC0052F823F011BE000825BE00082FBE000863
:10BDCC001BBE00082FBE0008F3BD0008E9BD00082B
:10BDDC002FBE000807BE0008FDBD00083968786852
:10BDEC0000F0DCF922E03968786800F03FFB1DE0D8
:10BDFC003968786800F07EFB18E03968786800F0E4
:10BE0C0007FC13E03968786800F037FC0EE03968FD
:10BE1C00786800F065FC09E03968786800F074FC1B
:10BE2C0004E03968786800F0C9FC00BF04E03968A8
:10BE3C00786800F0C3FC00BFFB7B18461037BD468A
:10BE4C0080BD00BF80B584B000AF7860396000233E
:10BE5C00FB733B681B7803F06003402B05D0402B31
:10BE6C002ED8002B01D0202B2AD17B6893F89C3242
:10BE7C00013B022B1DD83B689B88DBB2012B13D8EE
:10BE8C007B68D3F8B4329B68396878689847034666
:10BE9C00FB733B68DB88002B10D1FB7B002B0DD197
:10BEAC00786800F053FD09E03968786800F086FC8A
:10BEBC0004E03968786800F081FC00E000BF04E021
:10BECC003968786800F07AFC00BF002318461037F8
:10BEDC00BD4680BD80B584B000AF7860396000236A
:10BEEC00FB733B689B88BB733B681B7803F0600358
:10BEFC00402B07D0402B00F24681002B0AD0202B80
:10BF0C0040F041817B68D3F8B4329B68396878681B
:10BF1C0098473DE13B681B7803F06003202B0AD166
:10BF2C007B68D3F8B4329B683968786898470346C5
:10BF3C00FB73FB7B2DE13B685B78032B07D0032B5A
:10BF4C0000F31B81002B72D0012B3AD015E17B68DA
:10BF5C0093F89C32022B02D0032B15D02BE0BB7B29
:10BF6C00002B0CD0BB7B802B09D0BB7B194678688F
:10BF7C0001F076F88021786801F072F820E03968D9
:10BF8C00786800F01BFC1BE03B685B88002B0ED133
:10BF9C00BB7B002B0BD0BB7B802B08D03B68DB889A
:10BFAC00002B04D1BB7B1946786801F059F87868EE
:10BFBC0000F0CCFC04E03968786800F0FFFB00BFAF
:10BFCC00E0E07B6893F89C32022B02D0032B15D057
:10BFDC0026E0BB7B002B0CD0BB7B802B09D0BB7B22
:10BFEC001946786801F03CF88021786801F038F83F
:10BFFC001CE03968786800F0E1FB17E03B685B886F
:10C00C00002B12D1BB7B03F07F03002B04D0BB7B36
:10C01C001946786801F043F8786800F097FC04E062
:10C02C003968786800F0CAFB00E000BFAAE07B68C2
:10C03C0093F89C32022B02D0032B32D097E0BB7BBF
:10C04C00002B07D0BB7B802B04D03968786800F0BC
:10C05C00B5FB91E097F90E30002B0BDABB7B03F0AC
:10C06C007F0213469B0013449B0010337A681344E1
:10C07C0004330BE0BB7B03F07F0213469B0013449D
:10C08C009B0003F5A8737A6813440433BB60BB6848
:10C09C0000221A60BB6802221946786800F0F8FB8F
:10C0AC006AE097F90E30002B11DABB7B03F00F021C
:10C0BC00796813469B0013449B000B4418331B6890
:10C0CC00002B17D13968786800F078FB54E0BB7B03
:10C0DC0003F00F02796813469B0013449B000B443A
:10C0EC0003F5AC731B68002B04D13968786800F039
:10C0FC0065FB41E097F90E30002B0BDABB7B03F0AC
:10C10C007F0213469B0013449B0010337A68134440
:10C11C0004330BE0BB7B03F07F0213469B001344FC
:10C12C009B0003F5A8737A6813440433BB60BB7B94
:10C13C00002B02D0BB7B802B03D1BB6800221A6082
:10C14C000EE0BB7B1946786800F0C8FF0346002B55
:10C15C0003D0BB6801221A6002E0BB6800221A609F
:10C16C00BB6802221946786800F092FB04E039683B
:10C17C00786800F023FB00BF04E03968786800F0B1
:10C18C001DFB00BF04E03968786800F017FB00BFA6
:10C19C00FB7B18461037BD4680BD000080B584B0CF
:10C1AC0000AF7860396000233B810023FB600023E3
:10C1BC00FB723B685B881B0A9BB2013B062B00F2AF
:10C1CC00288101A252F823F0F1C1000809C200082D
:10C1DC0049C200081FC400081FC40008BFC30008E0
:10C1EC00EBC300087B68D3F8B0321B687A68127C0A
:10C1FC0007F1080110469847F86012E17B681B7C38
:10C20C00002B0DD17B68D3F8B4329B6A07F108027E
:10C21C0010469847F860FB68013302221A7000E15F
:10C22C007B68D3F8B432DB6A07F1080210469847F2
:10C23C00F860FB68013302221A70F2E03B685B88FD
:10C24C00DBB2052B00F2AC8001A252F823F000BF48
:10C25C0075C20008A9C20008DDC2000811C300089D
:10C26C0045C3000879C300087B68D3F8B0325B681B
:10C27C00002B0BD07B68D3F8B0325B687A68127CE9
:10C28C0007F1080110469847F86091E03968786822
:10C29C0000F094FAFB7A0133FB7289E07B68D3F8E7
:10C2AC00B0329B68002B0BD07B68D3F8B0329B6804
:10C2BC007A68127C07F1080110469847F86077E01D
:10C2CC003968786800F07AFAFB7A0133FB726FE018
:10C2DC007B68D3F8B032DB68002B0BD07B68D3F8CB
:10C2EC00B032DB687A68127C07F108011046984777
:10C2FC00F8605DE03968786800F060FAFB7A013329
:10C30C00FB7255E07B68D3F8B0321B69002B0BD065
:10C31C007B68D3F8B0321B697A68127C07F108018C
:10C32C0010469847F86043E03968786800F046FAA0
:10C33C00FB7A0133FB723BE07B68D3F8B0325B696C
:10C34C00002B0BD07B68D3F8B0325B697A68127C17
:10C35C0007F1080110469847F86029E039687868B9
:10C36C0000F02CFAFB7A0133FB7221E07B68D3F8E6
:10C37C00B0329B69002B0BD07B68D3F8B0329B6931
:10C38C007A68127C07F1080110469847F8600FE0B4
:10C39C003968786800F012FAFB7A0133FB7207E017
:10C3AC003968786800F00AFAFB7A0133FB7238E0DE
:10C3BC0037E07B681B7C002B09D17B68D3F8B43247
:10C3CC005B6B07F1080210469847F86029E0396862
:10C3DC00786800F0F3F9FB7A0133FB7221E07B689B
:10C3EC001B7C002B0DD17B68D3F8B4321B6B07F18F
:10C3FC00080210469847F860FB68013307221A7050
:10C40C000FE03968786800F0D9F9FB7A0133FB72D8
:10C41C0007E03968786800F0D1F9FB7A0133FB72D8
:10C42C0000BFFB7A002B1CD13B89002B11D03B6841
:10C43C00DB88002B0DD03B68DA883B89934228BF00
:10C44C0013469BB23B813B891A46F968786800F029
:10C45C001FFA3B68DB88002B04D1786800F076FA71
:10C46C0000E000BF1037BD4680BD00BF80B584B072
:10C47C0000AF786039603B689B88002B30D13B68FB
:10C48C00DB88002B2CD13B685B887F2B28D83B6842
:10C49C005B88DBB203F07F03FB737B6893F89C3201
:10C4AC00032B04D13968786800F088F91DE07B68AB
:10C4BC00FA7B83F89E22FB7B1946786800F039FEE4
:10C4CC00786800F043FAFB7B002B04D07B680222D7
:10C4DC0083F89C2209E07B68012283F89C2204E00B
:10C4EC003968786800F06AF900BF00BF1037BD46A4
:10C4FC0080BD000080B582B000AF786039603B68C9
:10C50C005B88DAB2414B1A70404B1B78012B04D973
:10C51C003968786800F052F975E07B6893F89C32C2
:10C52C00022B02D0032B23D062E0384B1B78002B5C
:10C53C001AD0364B1B781A467B685A607B680322EC
:10C54C0083F89C22314B1B7819467868FFF7E7F982
:10C55C000346022B04D13968786800F02FF952E0B9
:10C56C00786800F0F3F94EE0786800F0EFF94AE0F3
:10C57C00264B1B78002B12D17B68022283F89C225D
:10C58C00224B1B781A467B685A60204B1B78194645
:10C59C007868FFF7E3F9786800F0D8F933E01B4BC3
:10C5AC001B781A467B685B689A421DD07B685B6877
:10C5BC00DBB219467868FFF7D1F9144B1B781A4691
:10C5CC007B685A60114B1B7819467868FFF7A7F9FE
:10C5DC000346022B04D13968786800F0EFF812E0BA
:10C5EC00786800F0B3F90EE0786800F0AFF90AE073
:10C5FC003968786800F0E2F8044B1B7819467868C3
:10C60C00FFF7ACF900BF0837BD4680BD8409002098
:10C61C0080B582B000AF786039603B68DB88012B55
:10C62C0004D03968786800F0C9F822E07B6893F888
:10C63C009C32022B02DC002B03DC15E0032B0BD00D
:10C64C0012E07B6800229A607B680833012219464D
:10C65C00786800F01DF90CE07B6804330122194660
:10C66C00786800F015F904E03968786800F0A6F8ED
:10C67C0000BF00BF0837BD4680BD80B582B000AF9B
:10C68C00786039607B6893F89C32013B022B1ED892
:10C69C003B68DB88022B04D03968786800F08EF890
:10C6AC001AE07B680122DA607B68D3F8A432002B95
:10C6BC0005D07B68DB6843F002027B68DA607B683C
:10C6CC000C3302221946786800F0E2F804E039686D
:10C6DC00786800F073F800BF00BF0837BD4680BD16
:10C6EC0080B582B000AF786039603B685B88012B05
:10C6FC0006D17B680122C3F8A422786800F026F9E1
:10C70C0000BF0837BD4680BD80B582B000AF7860F1
:10C71C0039607B6893F89C32013B022B0BD83B6849
:10C72C005B88012B0CD17B680022C3F8A4227868AB
:10C73C0000F00CF904E03968786800F03FF800E08C
:10C74C0000BF00BF0837BD4680BD80B483B000AFCA
:10C75C00786039603B681A787B681A703B685A7845
:10C76C007B685A703B6802331B781A463B6803336C
:10C77C001B781B029BB213449AB27B685A803B68AD
:10C78C0004331B781A463B6805331B781B029BB29B
:10C79C0013449AB27B689A803B6806331B781A461E
:10C7AC003B6807331B781B029BB213449AB27B681D
:10C7BC00DA8000BF0C37BD4680BC704780B582B0B4
:10C7CC0000AF786039608021786800F049FC002166
:10C7DC00786800F045FC00BF0837BD4680BD80B5C9
:10C7EC0086B000AFF860B9607A600023FB75FB6817
:10C7FC00002B32D0F86800F034F8034601339BB2BA
:10C80C005B009AB27B681A80FB7D5A1CFA751A463B
:10C81C00BB6813447A6812781A70FB7D5A1CFA753F
:10C82C001A46BB68134403221A7012E0FB685A1CA8
:10C83C00FA60FA7D511CF9751146BA680A441B78E6
:10C84C001370FB7D5A1CFA751A46BB681344002200
:10C85C001A70FB681B78002BE8D100BF1837BD4657
:10C86C0080BD80B485B000AF78600023FB7305E019
:10C87C00FB7B0133FB737B6801337B607B681B782C
:10C88C00002BF5D1FB7B18461437BD4680BC704796
:10C89C0080B584B000AFF860B9601346FB80FB68CC
:10C8AC000222C3F89422FA88FB68DA61FA88FB68E2
:10C8BC001A62FB88BA680021F86800F059FC002362
:10C8CC0018461037BD4680BD80B584B000AFF86007
:10C8DC00B9601346FB80FB88BA680021F86800F049
:10C8EC0047FC002318461037BD4680BD80B584B088
:10C8FC0000AFF860B9601346FB80FB680322C3F8F5
:10C90C009422FA88FB68C3F85C21FA88FB68C3F8A8
:10C91C006021FB88BA680021F86800F04CFC002309
:10C92C0018461037BD4680BD80B584B000AFF860A6
:10C93C00B9601346FB80FB88BA680021F86800F0E8
:10C94C003AFC002318461037BD4680BD80B582B036
:10C95C0000AF78607B680422C3F894220023002285
:10C96C000021786800F004FC002318460837BD4607
:10C97C0080BD80B582B000AF78607B680522C3F8BB
:10C98C009422002300220021786800F014FC00237C
:10C99C0018460837BD4680BD80B500AF002212494D
:10C9AC001248FEF762FF0346002B01D0F4F7BCFAE5
:10C9BC000F490E48FEF784FF0346002B01D0F4F715
:10C9CC00B3FA0C490948FEF7B5FE0346002B01D01B
:10C9DC00F4F7AAFA0548FEF78CFF0346002B01D0AA
:10C9EC00F4F7A2FA00BF80BD3001002088090020B6
:10C9FC001C0000202001002080B500AF002205495A
:10CA0C000548FEF7ADFE05490348FEF7C2FE0023BC
:10CA1C00184680BD4C100020880900204C0C0020CA
:10CA2C0080B400AF00231846BD4680BC70470000A0
:10CA3C0080B483B000AF03463960FB711346BB80F2
:10CA4C00FB79232B4AD801A252F823F0E9CA00083B
:10CA5C00E9CA0008E9CA0008E9CA0008E9CA0008DE
:10CA6C00E9CA0008E9CA0008E9CA0008E9CA0008CE
:10CA7C00E9CA0008E9CA0008E9CA0008E9CA0008BE
:10CA8C00E9CA0008E9CA0008E9CA0008E9CA0008AE
:10CA9C00E9CA0008E9CA0008E9CA0008E9CA00089E
:10CAAC00E9CA0008E9CA0008E9CA0008E9CA00088E
:10CABC00E9CA0008E9CA0008E9CA0008E9CA00087E
:10CACC00E9CA0008E9CA0008E9CA0008E9CA00086E
:10CADC00E9CA0008E9CA0008E9CA000800BF002337
:10CAEC0018460C37BD4680BC704700BF80B582B07D
:10CAFC0000AF786039603B681B6819467868F4F7BA
:10CB0C00DBF979680548FEF744FE0448FEF783FE1E
:10CB1C00002318460837BD4680BD00BF8809002099
:10CB2C0080B584B000AF78600B467B800023FB732C
:10CB3C000D4BD3F8B832BB60BB68D3F81432002B62
:10CB4C0001D001230BE07B881A4679680648FEF772
:10CB5C0007FE0548FEF730FE0346FB73FB7B1846C9
:10CB6C001037BD4680BD00BF8809002080B483B05B
:10CB7C0000AF03463960FB713B6812221A80034BED
:10CB8C0018460C37BD4680BC704700BF4C010020D6
:10CB9C0080B483B000AF03463960FB713B6804225C
:10CBAC001A80034B18460C37BD4680BC704700BF3B
:10CBBC006001002080B582B000AF03463960FB7184
:10CBCC00FB79002B05D13A6807490848FFF707FEA7
:10CBDC0004E03A6804490548FFF701FE024B184689
:10CBEC000837BD4680BD00BF4C1400209CDC0008FB
:10CBFC0080B582B000AF03463960FB713A680449D6
:10CC0C000448FFF7ECFD024B18460837BD4680BDC3
:10CC1C004C140020B4DC000880B582B000AF034691
:10CC2C003960FB713B681A221A8000F043F8024B02
:10CC3C0018460837BD4680BD6401002080B582B01F
:10CC4C0000AF03463960FB71FB79002B05D13A68C4
:10CC5C0007490848FFF7C3FD04E03A680449054852
:10CC6C00FFF7BDFD024B18460837BD4680BD00BF1F
:10CC7C004C140020C8DC000880B582B000AF03461D
:10CC8C003960FB71FB79002B05D13A6807490848DC
:10CC9C00FFF7A5FD04E03A6804490548FFF79FFD3E
:10CCAC00024B18460837BD4680BD00BF4C1400200F
:10CCBC00D4DC000880B584B000AFFA68BB681344BC
:10CCCC00FB60FB68002B09D008220649F86800F0CD
:10CCDC000DF804220449786800F008F800BF1037FA
:10CCEC00BD4680BD660100207601002080B487B06F
:10CCFC0000AFF860B9601346FB710023FB7500238D
:10CD0C00FB7527E0FB681B0F092B0BD8FB681B0F6F
:10CD1C00DAB2FB7D5B001946BB680B443032D2B2F1
:10CD2C001A700AE0FB681B0FDAB2FB7D5B00194638
:10CD3C00BB680B443732D2B21A70FB681B01FB6024
:10CD4C00FB7D5B000133BA68134400221A70FB7D33
:10CD5C000133FB75FA7DFB799A42D3D300BF00BF38
:10CD6C001C37BD4680BC704780B584B000AF78607E
:10CD7C007B681B680D4A934213D10D4BDB690C4A3F
:10CD8C0043F40003D3610A4BDB6903F40003FB603B
:10CD9C00FB68002200211420F5F78DFA1420F5F71A
:10CDAC00A6FA00BF1037BD4680BD00BF005C004036
:10CDBC000010024080B582B000AF78607B68D3F879
:10CDCC00D4227B6803F5267319461046FEF7D9FD6D
:10CDDC0000BF0837BD4680BD80B582B000AF78601B
:10CDEC000B46FB707B68D3F8D402FA78796813464B
:10CDFC009B001344DB000B4403F5B2731A68FB78F9
:10CE0C001946FEF70BFE00BF0837BD4680BD80B546
:10CE1C0082B000AF78600B46FB707B68D3F8D4020D
:10CE2C00FA78796813469B001344DB000B442433D7
:10CE3C001A68FB781946FEF762FE00BF0837BD463C
:10CE4C0080BD80B582B000AF78607B68D3F8D432F7
:10CE5C001846FEF772FF00BF0837BD4680BD80B58F
:10CE6C0084B000AF78600123FB737B689B79022B45
:10CE7C0001D0F4F759F87B68D3F8D432FA7B114619
:10CE8C001846FEF722FF7B68D3F8D4321846FEF71B
:10CE9C00DBFE00BF1037BD4680BD000080B582B000
:10CEAC0000AF78607B68D3F8D4321846FEF71CFFCD
:10CEBC007B689B7A002B05D0044B1B69034A43F01B
:10CECC000603136100BF0837BD4680BD00ED00E0CE
:10CEDC0080B582B000AF78607B68D3F8D432184646
:10CEEC00FEF716FF00BF0837BD4680BD80B582B087
:10CEFC0000AF7860284A7B68C2F8D4327B68264A37
:10CF0C00C3F8C022244B254A1A60234B08221A71FD
:10CF1C00214B02229A71204B00229A721E4B002246
:10CF2C00DA721D4B00221A731B48F8F747FA0346B6
:10CF3C00002B01D0F3F7F8FF7B68D3F8C00218235D
:10CF4C0000220021F9F758FF7B68D3F8C002582360
:10CF5C0000228021F9F750FF7B68D3F8C002C02370
:10CF6C0000228121F9F748FF7B68D3F8C0024FF407
:10CF7C00887300220121F9F73FFF7B68D3F8C002C8
:10CF8C004FF4807300228221F9F736FF00231846F4
:10CF9C000837BD4680BD00BF4C160020005C004029
:10CFAC0080B584B000AF78600023FB730023BB73A3
:10CFBC007B68D3F8C0321846F8F7F6FA0346FB73D1
:10CFCC00FB7B184600F04EF90346BB73BB7B18463F
:10CFDC001037BD4680BD80B584B000AF7860084680
:10CFEC0011461A460346FB700B46BB7013463B803A
:10CFFC000023FB730023BB737B68D3F8C002BB78A0
:10D00C003A88F978F8F74AFC0346FB73FB7B184621
:10D01C0000F028F90346BB73BB7B18461037BD469E
:10D02C0080BD80B584B000AF78600B46FB700023E8
:10D03C00FB730023BB737B68D3F8C032FA781146BC
:10D04C001846F8F788FC0346FB73FB7B184600F088
:10D05C0009F90346BB73BB7B18461037BD4680BD30
:10D06C0080B584B000AF78600B46FB700023FB7377
:10D07C000023BB737B68D3F8C032FA78114618468C
:10D08C00F8F730FD0346FB73FB7B184600F0EAF81B
:10D09C000346BB73BB7B18461037BD4680BD80B5BD
:10D0AC0084B000AF78600B46FB700023FB73002349
:10D0BC00BB737B68D3F8C032FA7811461846F8F780
:10D0CC0071FD0346FB73FB7B184600F0CBF803465F
:10D0DC00BB73BB7B18461037BD4680BD80B485B092
:10D0EC0000AF78600B46FB707B68D3F8C032FB60F6
:10D0FC0097F90330002B0BDAFB7803F07F02F96809
:10D10C0013469B001344DB000B4412331B780BE0DB
:10D11C00FB7803F07F02F96813469B001344DB0095
:10D12C000B4403F5A9731B7818461437BD4680BC15
:10D13C00704780B584B000AF78600B46FB7000235D
:10D14C00FB730023BB737B68D3F8C032FA781146AB
:10D15C001846F8F77FFB0346FB73FB7B184600F081
:10D16C0081F80346BB73BB7B18461037BD4680BDA8
:10D17C0080B586B000AFF8607A601A460B46FB7239
:10D18C0013463B810023FB750023BB75FB68D3F86A
:10D19C00C0023B89F97A7A68F8F76DFC0346FB7597
:10D1AC00FB7D184600F05EF80346BB75BB7D184648
:10D1BC001837BD4680BD80B586B000AFF8607A6088
:10D1CC001A460B46FB7213463B810023FB7500236A
:10D1DC00BB75FB68D3F8C0023B89F97A7A68F8F71B
:10D1EC0002FC0346FB75FB7D184600F03BF803463A
:10D1FC00BB75BB7D18461837BD4680BD80B582B067
:10D20C0000AF78600B46FB707B68D3F8C032FA78BD
:10D21C0011461846F8F718FC034618460837BD4661
:10D22C0080BD000080B483B000AF7860024B18461C
:10D23C000C37BD4680BC70472419002080B483B0E5
:10D24C0000AF786000BF0C37BD4680BC704780B41F
:10D25C0083B000AF78600B46FB7000BF0C37BD4647
:10D26C0080BC704780B485B000AF0346FB710023CF
:10D27C00FB73FB79032B17D801A252F823F000BFE4
:10D28C009DD20008A3D20008A9D20008AFD2000892
:10D29C000023FB730BE00223FB7308E00123FB73F9
:10D2AC0005E00223FB7302E00223FB7300BFFB7B50
:10D2BC0018461437BD4680BC704700BF0EB46FF0E3
:10D2CC00004100B59CB01DAB0290069007910491F3
:10D2DC000848094953F8042B0591006802A90193E9
:10D2EC0000F0A0F90022029B1A701CB05DF804EB50
:10D2FC0003B07047800100200802FFFF0346024480
:10D30C00934200D1704703F8011BF9E7014B1868F1
:10D31C00704700BF8001002070B500260C4D0D4CED
:10D32C00641BA410A64209D100F078FC00260A4D1B
:10D33C000A4C641BA410A64205D170BD55F8043BE1
:10D34C0098470136EEE755F8043B98470136F2E76B
:10D35C0040DF000840DF000840DF000844DF000821
:10D36C00704770470A44914200F1FF3300D1704777
:10D37C0010B511F8014B914203F8014FF9D110BDD2
:10D38C0038B50546002940D051F8043C0C1F002B41
:10D39C00B8BFE41800F0DEF81C4A136833B96360B8
:10D3AC0014602846BDE8384000F0DAB8A34208D92A
:10D3BC00206821188B4201BF19685B68091821602D
:10D3CC00EDE71A465B680BB1A342FAD91168501805
:10D3DC00A0420BD120680144501883421160E0D167
:10D3EC0018685B68084410605360DAE702D90C23B4
:10D3FC002B60D6E7206821188B4201BF19685B6847
:10D40C000918216063605460CBE738BD881C00208C
:10D41C0070B50F4E0C463168054611B900F0AAFBE9
:10D42C0030602146284600F0A5FB431C03D14FF089
:10D43C00FF34204670BDC41C24F00304A042F8D075
:10D44C00211A284600F096FB0130F2D1EFE700BF1D
:10D45C00841C00202DE9F843CD1C25F0030508356C
:10D46C000C2D38BF0C25002D064601DBA94204D932
:10D47C000C2333600020BDE8F883DFF8D48000F083
:10D48C0069F8D8F800301C4644BB29463046FFF7F3
:10D49C00BFFF431C044658D1D8F800402746002F44
:10D4AC0043D1002C4BD023683946304604EB03099A
:10D4BC0000F060FB814542D1216830466D1A294647
:10D4CC00FFF7A6FF01303AD023682B442360D8F82D
:10D4DC0000305A6862BBC8F800700FE02268521B1B
:10D4EC0020D40B2A17D96119A342256018BF5960A3
:10D4FC00636808BFC8F8001062514B60304600F0FA
:10D50C002FF804F10B00231D20F00700C21A1CBFDA
:10D51C001B1AA350AFE76268A3420CBFC8F80020E7
:10D52C005A60EBE723466468AEE73C467F68B6E793
:10D53C001A465B68A342FBD100235360DEE70C2341
:10D54C003046336000F00CF894E70560D6E700BF76
:10D55C00881C00200148FFF703BF00BF801C00207F
:10D56C000148FFF7FEBE00BF801C00202DE9F047EC
:10D57C001F468E688246BE420C4690460B682DD8DC
:10D58C00B1F90C2012F4906F26D06569096905EB8E
:10D59C004505A3EB010905EBD5757B1C4B446D10C0
:10D5AC009D4238BF1D46530527D52946FFF752FF2C
:10D5BC00064660B34A462169FFF7D4FEA38923F4DB
:10D5CC00906343F08003A38126614E4426603E465F
:10D5DC006561A5EB0905A560BE4200D93E46324601
:10D5EC004146206800F0ACFA0020A3689B1BA360A6
:10D5FC00236833442360BDE8F0872A4600F0D8FA4C
:10D60C0006460028E0D150462169FFF7B9FE0C23ED
:10D61C00CAF80030A3894FF0FF3043F04003A381D8
:10D62C00E9E700002DE9F04F98468B8907461B0669
:10D63C000D4614469DB010D50B6973B94021FFF708
:10D64C0009FF2860286130B90C233B604FF0FF3094
:10D65C001DB0BDE8F08F40236B610023099320239C
:10D66C008DF8293030234FF00109CDF80C80DFF80C
:10D67C0098818DF82A3023469A4613F8012B0AB16B
:10D68C00252AF9D1BAEB040B0BD05B46224629466E
:10D69C003846FFF76BFF013000F0A780099A5A4417
:10D6AC0009929AF80030002B00F09F8000234FF075
:10D6BC00FF32CDE905230AF1010A049307938DF893
:10D6CC0053301A935446052214F8011B4E4800F0AF
:10D6DC0061FA049AD8B9D00644BF20238DF8533090
:10D6EC00110744BF2B238DF853309AF800302A2BA6
:10D6FC0015D0544600204FF00A0C079A214611F819
:10D70C00013B303B092B4BD9B0B1079214E0A0EB95
:10D71C00080309FA03F31343A2460493D2E7039BCD
:10D72C00191D1B680391002BBBBF5B4242F0020228
:10D73C0007930793B8BF049223782E2B0AD16378F2
:10D74C002A2B32D1039B02341A1D1B68039243EA25
:10D75C00E3730593DFF8B4A003225046217800F060
:10D76C0019FA38B14022049BA0EB0A008240134303
:10D77C000134049314F8011B062225488DF8281057
:10D78C0000F008FA002836D0224B1BBB039B073352
:10D79C0023F0070308330393099B334409936AE787
:10D7AC000C4601200CFB0232A8E700234FF00A0CB8
:10D7BC00194601340593204610F8012B303A092AFA
:10D7CC0003D9002BC6D00591C4E7044601230CFBFA
:10D7DC000121F0E703AB00932A4638460E4B04A90F
:10D7EC00AFF30080421C0646D6D1AB895B063FF5F1
:10D7FC002DAF09982CE703AB00932A463846064B0D
:10D80C0004A900F07DF8EDE702DF000808DF00084E
:10D81C000CDF00080000000079D500082DE9F04766
:10D82C00164698468A680B6907469342B8BF13465A
:10D83C00336091F843200C46DDF820900AB1013397
:10D84C0033602368990642BF33680233336025681E
:10D85C0015F0060506D104F1190AE36832689B1A23
:10D86C00AB422BDC94F843302268003B18BF0123F9
:10D87C00920630D44146384604F14302C847013081
:10D88C0023D02368226903F00603042B14BF002560
:10D89C0033684FF0000608BFE56804F11A0408BFAE
:10D8AC00ED1A54F8123C08BF25EAE5759342C4BF43
:10D8BC009B1AED18B5421AD1002008E001235246FC
:10D8CC0041463846C847013003D14FF0FF30BDE820
:10D8DC00F0870135C1E73020E11881F843005A1C6C
:10D8EC0094F845102244023382F84310C2E7012316
:10D8FC00224641463846C8470130E6D00136D9E7C2
:10D90C002DE9FF470F7E9146782F80460C469A46AC
:10D91C000C9E01F1430207D8622F0AD8002F00F0A9
:10D92C00D380582F00F0BA8004F1420684F842707C
:10D93C003AE0A7F16303152BF6D801A151F823F0B7
:10D94C00A5D90008B9D9000835D9000835D900087F
:10D95C0035D9000835D90008B9D9000835D90008DF
:10D96C0035D9000835D9000835D90008BBDA0008CC
:10D97C00E3D9000875DA000835D9000835D9000854
:10D98C00DDDA000835D90008E3D9000835D90008DC
:10D99C0035D900087DDA000833681A1D1B6832601F
:10D9AC0004F1420684F8423001239EE0336820687B
:10D9BC00191D3160060601D51D6803E04506FBD52F
:10D9CC00B3F90050002D03DA2D236D4284F8433057
:10D9DC000A23594811E021683368080653F8045BA0
:10D9EC0002D4490648BFADB26F2F336014BF0A236F
:10D9FC0008235148002184F843106668002EA8BF04
:10DA0C002168A660A4BF21F0040121600DB9002E8D
:10DA1C004BD01646B5FBF3F103FB1157C75D06F867
:10DA2C00017D2F46BB420D46F4D9082B0BD1236840
:10DA3C00DF0708D5236961689942DEBF302306F8F9
:10DA4C00013C06F1FF36921B22614B4621464046B3
:10DA5C00CDF800A003AAFFF7E1FE01304AD14FF048
:10DA6C00FF3004B0BDE8F087236843F02003236047
:10DA7C007827324884F84570236831681F0651F8BE
:10DA8C00045B02D45F0648BFADB23160D90744BF16
:10DA9C0043F0200323601DB11023ABE72648E9E7D0
:10DAAC00236823F020032360F6E71646BDE73368AE
:10DABC002568181D616930602E061B6801D5196038
:10DACC0002E06806FBD51980002316462361BCE7EB
:10DADC00336800211A1D32601E686268304600F0FF
:10DAEC0059F808B1801B606063682361002384F8D7
:10DAFC004330AAE73246494640462369D0470130B5
:10DB0C00ADD023689B0713D4E068039B9842B8BF41
:10DB1C001846A6E70123324649464046D047013015
:10DB2C009DD00135E36803995B1AAB42F2DCEBE75D
:10DB3C00002504F11906F5E713DF000824DF0008BF
:10DB4C00884210B501EB020402D98442234607D85F
:10DB5C00431EA14208D011F8012B03F8012FF8E75E
:10DB6C00014602448A4200D110BD13F8014D02F85F
:10DB7C00014DF7E738B50023054D044608462B60E8
:10DB8C00F3F702FE431C02D12B6803B1236038BDAE
:10DB9C007C1C0020034610B5C9B2024493421846BF
:10DBAC0001D1002003E0047801338C42F6D110BD82
:10DBBC002DE9F041804615460C4621B91146BDE8C9
:10DBCC00F041FFF747BC2AB9FFF7DAFB00242046E7
:10DBDC00BDE8F08100F01AF88542064602D8B5EB94
:10DBEC00500FF4D829464046FFF734FC074600286E
:10DBFC00ECD0B5422A46214628BF3246FFF7B2FB8D
:10DC0C0021464046FFF7BCFB3C46E0E751F8043C9C
:10DC1C00181F002BBCBF0B58C0187047F8B500BFBD
:10DC2C00F8BC08BC9E467047F8B500BFF8BC08BCF1
:04DC3C009E46704749
:10DC4000656E766961646F20706F722075736172A2
:10DC500074312E20256C750D0A00000053454E537B
:10DC60004F522041435449564F00000054455354ED
:10DC700020554C545241534F4E49434F0000000031
:10DC800044697374616E6369613A0000636D0000FA
:10DC900053696E206C6563747572610053544D3323
:10DCA00032205669727475616C20436F6D506F72CB
:10DCB0007400000053544D6963726F656C65637442
:10DCC000726F6E696373000043444320436F6E6656
:10DCD0006967000043444320496E7465726661635E
:10DCE00065000000000000000000005F0000000769
:10DCF000000700147F147F14242A7F2A122313089C
:10DD0000646236495522500005030000001C224180
:10DD1000000041221C0014083E081408083E0808B0
:10DD2000005030000008080808080060600000206B
:10DD3000100804023E5149453E00427F40004261C6
:10DD40005149462141454B311814127F1027454552
:10DD500045393C4A49493001710905033649494969
:10DD600036064949291E00363600000056360000A6
:10DD7000081422410014141414140041221408023F
:10DD800001510906324979413E7E1111117E7F49C8
:10DD90004949363E414141227F4141221C7F494948
:10DDA00049417F090909013E4149497A7F0808082C
:10DDB0007F00417F41002040413F017F0814224104
:10DDC0007F404040407F020C027F7F0408107F3E6E
:10DDD0004141413E7F090909063E4151215E7F09CB
:10DDE000192946464949493101017F01013F404017
:10DDF000403F1F2040201F3F4038403F631408141D
:10DE00006307087008076151494543007F4141009D
:10DE100002040810200041417F0004020102044076
:10DE200040404040000102040020545454787F4890
:10DE30004444383844444420384444487F38545497
:10DE40005418087E0901020C5252523E7F08040405
:10DE50007800447D40002040443D007F102844006D
:10DE600000417F40007C041804787C080404783862
:10DE7000444444387C14141408081414187C7C0896
:10DE80000404084854545420043F4440203C40407B
:10DE9000207C1C2040201C3C4030403C4428102862
:10DEA000440C5050503C4464544C440008364100EB
:10DEB00000007F000000413608001008081008002C
:10DEC000AED580A83FD300408D14A1C8DA1281805E
:10DED000D91FDB4033A6A4AF000000000000000003
:10DEE0000102030406070809000000000102030400
:10DEF00002030405060708090A0B0C0D0E0F10108B
:10DF00000102232D302B2000686C4C0065666745AC
:10DF100046470030313233343536373839414243A1
:10DF20004445460030313233343536373839616252
:08DF3000636465660000000057
:08DF38001422FF7F010000002C
:04DF400031010008A3
:04DF44000D010008C3
:10DF48000A00000000127A00100000000100000022
:10DF58000A0600020000004001000000CFB20008DD
:10DF6800C3B3000831B400080000000073B600080D
:10DF780077B500081DB6000800000000000000008A
:10DF880000000000E1B60008C1B6000801B70008AB
:10DF980021B7000809024300020100C03209040049
:10DFA80000010202010005240010010524010001FE
:10DFB8000424020205240600010705820308001054
:10DFC80009040100020A000000070501020002001E
:10DFD800070581020002000009024300020100C097
:10DFE80032090400000102020100052400100105A5
:10DFF8002401000104240202052406000107058209
:10E008000308001009040100020A000000070501C6
:10E018000240000007058102400000000907430094
:10E02800020104C0320904000001020201000524B3
:10E038000010010524010001042402020524060041
:10E04800010705820308001009040100020A000004
:10E05800000705010240000007058102400000009A
:10E0680005CA00082DCA00083DCA0008F9CA0008F8
:10E0780079CB00089DCB0008FDCB0008C1CB000878
:10E0880025CC000849CC000885CC00081201000204
:10E09800020200408304405700020102030100000D
:10E0A800040309041A030000000000000000000037
:10E0B8000000000000000000000000000000000058
:10E0C8008401002000000000441B0020AC1B00203D
:10E0D800141C0020000000000000000000000000E8
:10E0E8000000000000000000000000000000000028
:10E0F8000000000000000000000000000000000018
:10E108000000000000000000000000000000000007
:0400000508001FBD13
:00000001FF
